Date,States Affected,Total No of Cases,Total No Discharged,Total No of Deaths
29/2/2020,Ogun,1,0,0
1/3/2020,Ogun,1,0,0
2/3/2020,Ogun,1,0,0
3/3/2020,Ogun,1,0,0
4/3/2020,Ogun,1,0,0
5/3/2020,Ogun,1,0,0
6/3/2020,Ogun,1,0,0
7/3/2020,Ogun,1,0,0
8/3/2020,Ogun,1,0,0
9/3/2020,Ogun,2,0,0
10/3/2020,Ogun,2,0,0
11/3/2020,Ogun,2,0,0
12/3/2020,Ogun,2,0,0
13/3/2020,Ogun,2,0,0
14/3/2020,Ogun,2,0,0
15/3/2020,Ogun,2,0,0
16/3/2020,Lagos,1,0,0
16/3/2020,Ogun,2,1,0
17/3/2020,Lagos,1,0,0
17/3/2020,Ogun,2,1,0
18/3/2020,Lagos,5,0,0
18/3/2020,Ogun,2,1,0
18/3/2020,Ekiti,1,0,0
19/3/2020,Lagos,9,0,0
19/3/2020,Ogun,2,1,0
19/3/2020,Ekiti,1,0,0
20/3/2020,Lagos,9,0,0
20/3/2020,Ogun,2,1,0
20/3/2020,Ekiti,1,0,0
21/3/2020,FCT,3,0,0
21/3/2020,Lagos,19,0,0
21/3/2020,Ogun,2,2,0
21/3/2020,Ekiti,1,0,0
22/3/2020,Ekiti,1,0,0
22/3/2020,FCT,4,0,0
22/3/2020,Lagos,22,0,0
22/3/2020,Ogun,2,2,0
22/3/2020,Oyo,1,0,0
23/3/2020,Edo,1,0,0
23/3/2020,Ekiti,1,0,0
23/3/2020,FCT,6,0,1
23/3/2020,Lagos,25,0,0
23/3/2020,Ogun,2,2,0
23/3/2020,Oyo,1,0,0
24/3/2020,Bauchi,1,0,0
24/3/2020,Edo,1,0,0
24/3/2020,Ekiti,1,0,0
24/3/2020,FCT,8,0,1
24/3/2020,Lagos,29,0,0
24/3/2020,Ogun,3,2,0
24/3/2020,Oyo,1,0,0
25/3/2020,Bauchi,1,0,0
25/3/2020,Edo,1,0,0
25/3/2020,Ekiti,1,0,0
25/3/2020,FCT,10,0,1
25/3/2020,Lagos,32,0,0
25/3/2020,Ogun,3,2,0
25/3/2020,Osun,1,0,0
25/3/2020,Oyo,1,0,0
25/3/2020,Rivers,1,0,0
26/3/2020,Bauchi,2,0,0
26/3/2020,Edo,1,0,0
26/3/2020,Ekiti,1,0,0
26/3/2020,FCT,11,0,1
26/3/2020,Lagos,44,1,0
26/3/2020,Ogun,3,2,0
26/3/2020,Osun,1,0,0
26/3/2020,Oyo,1,0,0
26/3/2020,Rivers,1,0,0
27/3/2020,Bauchi,2,0,0
27/3/2020,Edo,1,0,0
27/3/2020,Ekiti,1,0,0
27/3/2020,FCT,11,0,1
27/3/2020,Lagos,44,1,0
27/3/2020,Ogun,3,2,0
27/3/2020,Osun,1,0,0
27/3/2020,Oyo,1,0,0
27/3/2020,Rivers,1,0,0
28/3/2020,Lagos,59,1,0
28/3/2020,FCT,16,0,1
28/3/2020,Oyo,7,0,0
28/3/2020,Ogun,3,2,0
28/3/2020,Bauchi,2,0,0
28/3/2020,Edo,2,0,0
28/3/2020,Enugu,2,0,0
28/3/2020,Osun,2,0,0
28/3/2020,Benue,1,0,0
28/3/2020,Ekiti,1,0,0
28/3/2020,Kaduna,1,0,0
28/3/2020,Rivers,1,0,0
29/3/2020,Lagos,68,1,0
29/3/2020,FCT,21,0,1
29/3/2020,Oyo,7,0,0
29/3/2020,Ogun,3,2,0
29/3/2020,Bauchi,2,0,0
29/3/2020,Edo,2,0,0
29/3/2020,Enugu,2,0,0
29/3/2020,Osun,2,0,0
29/3/2020,Benue,1,0,0
29/3/2020,Ekiti,1,0,0
29/3/2020,Kaduna,1,0,0
29/3/2020,Rivers,1,0,0
30/3/2020,Lagos,81,6,0
30/3/2020,FCT,25,0,2
30/3/2020,Oyo,8,0,0
30/3/2020,Kaduna,3,0,0
30/3/2020,Ogun,3,2,0
30/3/2020,Bauchi,2,0,0
30/3/2020,Edo,2,0,0
30/3/2020,Enugu,2,0,0
30/3/2020,Osun,2,0,0
30/3/2020,Benue,1,0,0
30/3/2020,Ekiti,1,0,0
30/3/2020,Rivers,1,0,0
31/3/2020,Lagos,82,6,0
31/3/2020,FCT,28,0,2
31/3/2020,Oyo,8,0,0
31/3/2020,Osun,5,0,0
31/3/2020,Ogun,4,2,0
31/3/2020,Kaduna,3,0,0
31/3/2020,Bauchi,2,0,0
31/3/2020,Edo,2,0,0
31/3/2020,Enugu,2,0,0
31/3/2020,Benue,1,0,0
31/3/2020,Ekiti,1,1,0
31/3/2020,Rivers,1,0,0
1/4/2020,Lagos,91,6,0
1/4/2020,Akwa Ibom,5,0,0
1/4/2020,FCT,35,0,2
1/4/2020,Oyo,8,0,0
1/4/2020,Osun,14,0,0
1/4/2020,Ogun,4,2,0
1/4/2020,Kaduna,4,0,0
1/4/2020,Bauchi,3,0,0
1/4/2020,Edo,4,0,0
1/4/2020,Enugu,2,0,0
1/4/2020,Benue,1,0,0
1/4/2020,Ekiti,2,1,0
1/4/2020,Rivers,1,0,0
2/4/2020,Lagos,98,17,0
2/4/2020,FCT,38,0,2
2/4/2020,Osun,14,0,0
2/4/2020,Oyo,8,0,0
2/4/2020,Akwa Ibom,5,0,0
2/4/2020,Ogun,4,2,0
2/4/2020,Kaduna,4,0,0
2/4/2020,Edo,4,0,0
2/4/2020,Bauchi,3,0,0
2/4/2020,Enugu,2,0,0
2/4/2020,Ekiti,2,1,0
2/4/2020,Benue,1,0,0
2/4/2020,Rivers,1,0,0
3/4/2020,Lagos,109,22,1
3/4/2020,FCT,41,0,2
3/4/2020,Osun,22,0,0
3/4/2020,Oyo,8,0,0
3/4/2020,Akwa Ibom,5,0,0
3/4/2020,Ogun,4,2,0
3/4/2020,Kaduna,4,0,0
3/4/2020,Edo,7,0,1
3/4/2020,Bauchi,3,0,0
3/4/2020,Enugu,2,0,0
3/4/2020,Ekiti,2,1,0
3/4/2020,Benue,1,0,0
3/4/2020,Rivers,1,0,0
3/4/2020,Ondo,1,0,0
4/4/2020,Lagos,109,22,1
4/4/2020,FCT,43,0,2
4/4/2020,Osun,20,0,0
4/4/2020,Oyo,9,0,0
4/4/2020,Edo,7,0,1
4/4/2020,Bauchi,6,0,0
4/4/2020,Akwa Ibom,5,0,0
4/4/2020,Ogun,4,2,0
4/4/2020,Kaduna,4,0,0
4/4/2020,Enugu,2,0,0
4/4/2020,Ekiti,2,1,0
4/4/2020,Benue,1,0,0
4/4/2020,Rivers,1,0,0
4/4/2020,Ondo,1,0,0
5/4/2020,Lagos,120,30,2
5/4/2020,FCT,47,0,2
5/4/2020,Osun,20,0,0
5/4/2020,Oyo,9,0,0
5/4/2020,Edo,9,0,1
5/4/2020,Bauchi,6,0,0
5/4/2020,Akwa Ibom,5,0,0
5/4/2020,Kaduna,5,0,0
5/4/2020,Ogun,4,2,0
5/4/2020,Enugu,2,0,0
5/4/2020,Ekiti,2,1,0
5/4/2020,Benue,1,0,0
5/4/2020,Rivers,1,0,0
5/4/2020,Ondo,1,0,0
6/4/2020,Lagos,120,31,2
6/4/2020,FCT,48,0,2
6/4/2020,Osun,20,1,0
6/4/2020,Edo,11,0,1
6/4/2020,Oyo,9,0,0
6/4/2020,Bauchi,6,0,0
6/4/2020,Akwa Ibom,5,0,0
6/4/2020,Kaduna,5,0,0
6/4/2020,Ogun,4,2,0
6/4/2020,Ekiti,2,1,0
6/4/2020,Enugu,2,0,0
6/4/2020,Rivers,2,0,0
6/4/2020,Kwara,2,0,0
6/4/2020,Benue,1,0,0
6/4/2020,Ondo,1,0,0
7/4/2020,Lagos,130,32,2
7/4/2020,FCT,50,7,2
7/4/2020,Osun,20,1,0
7/4/2020,Edo,11,0,1
7/4/2020,Oyo,11,0,0
7/4/2020,Bauchi,6,0,0
7/4/2020,Akwa Ibom,5,0,0
7/4/2020,Kaduna,5,0,0
7/4/2020,Ogun,4,2,0
7/4/2020,Ekiti,2,1,0
7/4/2020,Enugu,2,0,0
7/4/2020,Rivers,2,1,0
7/4/2020,Kwara,2,0,0
7/4/2020,Benue,1,0,0
7/4/2020,Ondo,1,0,0
7/4/2020,Delta,1,0,0
7/4/2020,Katsina,1,0,1
8/4/2020,Lagos,145,32,2
8/4/2020,FCT,54,7,2
8/4/2020,Osun,20,1,0
8/4/2020,Edo,12,0,1
8/4/2020,Oyo,11,0,0
8/4/2020,Bauchi,8,0,0
8/4/2020,Akwa Ibom,5,0,0
8/4/2020,Kaduna,5,0,0
8/4/2020,Ogun,4,2,0
8/4/2020,Ekiti,2,1,0
8/4/2020,Enugu,2,0,0
8/4/2020,Rivers,2,1,0
8/4/2020,Kwara,2,0,0
8/4/2020,Benue,1,0,0
8/4/2020,Ondo,1,0,0
8/4/2020,Delta,1,0,0
8/4/2020,Katsina,1,0,1
9/4/2020,Lagos,158,39,2
9/4/2020,FCT,54,7,2
9/4/2020,Osun,20,1,0
9/4/2020,Edo,12,0,1
9/4/2020,Oyo,11,0,0
9/4/2020,Bauchi,6,0,0
9/4/2020,Akwa Ibom,5,0,0
9/4/2020,Kaduna,5,0,0
9/4/2020,Ogun,4,2,0
9/4/2020,Ekiti,2,1,0
9/4/2020,Enugu,2,0,0
9/4/2020,Rivers,2,1,0
9/4/2020,Kwara,2,0,0
9/4/2020,Delta,2,0,1
9/4/2020,Benue,1,0,0
9/4/2020,Ondo,1,0,0
9/4/2020,Katsina,1,0,1
10/4/2020,Lagos,163,46,2
10/4/2020,FCT,56,7,2
10/4/2020,Osun,20,1,0
10/4/2020,Edo,12,0,1
10/4/2020,Oyo,11,0,0
10/4/2020,Bauchi,6,0,0
10/4/2020,Kaduna,6,0,0
10/4/2020,Akwa Ibom,5,0,0
10/4/2020,Ogun,7,2,0
10/4/2020,Katsina,4,0,1
10/4/2020,Ekiti,2,1,0
10/4/2020,Enugu,2,0,0
10/4/2020,Rivers,2,1,0
10/4/2020,Kwara,2,0,0
10/4/2020,Delta,2,0,1
10/4/2020,Ondo,2,0,0
10/4/2020,Benue,1,0,0
10/4/2020,Anambra,1,0,0
10/4/2020,Niger,1,0,0
11/4/2020,Lagos,174,50,5
11/4/2020,FCT,56,11,2
11/4/2020,Osun,20,1,0
11/4/2020,Edo,12,0,1
11/4/2020,Oyo,11,4,0
11/4/2020,Ogun,7,2,0
11/4/2020,Bauchi,6,0,0
11/4/2020,Kaduna,6,0,0
11/4/2020,Akwa Ibom,5,0,0
11/4/2020,Katsina,4,0,1
11/4/2020,Delta,3,0,1
11/4/2020,Ekiti,2,1,0
11/4/2020,Enugu,2,0,0
11/4/2020,Rivers,2,1,0
11/4/2020,Kwara,2,0,0
11/4/2020,Ondo,2,0,0
11/4/2020,Benue,1,0,0
11/4/2020,Anambra,1,0,0
11/4/2020,Niger,1,0,0
11/4/2020,Kano,1,0,0
12/4/2020,Lagos,176,55,5
12/4/2020,FCT,56,11,2
12/4/2020,Osun,20,11,0
12/4/2020,Edo,12,0,1
12/4/2020,Oyo,11,4,0
12/4/2020,Ogun,7,2,0
12/4/2020,Bauchi,6,0,0
12/4/2020,Kaduna,6,0,0
12/4/2020,Akwa Ibom,5,0,0
12/4/2020,Katsina,5,0,1
12/4/2020,Kwara,4,0,0
12/4/2020,Delta,3,0,1
12/4/2020,Ekiti,2,1,0
12/4/2020,Enugu,2,0,0
12/4/2020,Rivers,2,1,0
12/4/2020,Ondo,2,0,0
12/4/2020,Benue,1,0,0
12/4/2020,Anambra,1,0,0
12/4/2020,Niger,1,0,0
12/4/2020,Kano,1,0,0
13/4/2020,Lagos,189,61,5
13/4/2020,FCT,56,11,2
13/4/2020,Osun,20,11,0
13/4/2020,Edo,14,0,1
13/4/2020,Oyo,11,4,0
13/4/2020,Ogun,9,2,0
13/4/2020,Bauchi,6,0,0
13/4/2020,Kaduna,6,0,0
13/4/2020,Akwa Ibom,5,0,0
13/4/2020,Katsina,5,0,1
13/4/2020,Kwara,4,0,0
13/4/2020,Delta,3,0,1
13/4/2020,Ondo,3,0,0
13/4/2020,Kano,3,0,0
13/4/2020,Ekiti,2,1,0
13/4/2020,Enugu,2,0,0
13/4/2020,Rivers,2,1,0
13/4/2020,Benue,1,0,0
13/4/2020,Anambra,1,0,0
13/4/2020,Niger,1,0,0
14/4/2020,Lagos,214,69,6
14/4/2020,FCT,58,11,2
14/4/2020,Osun,20,11,0
14/4/2020,Edo,15,0,1
14/4/2020,Oyo,11,4,0
14/4/2020,Ogun,9,2,0
14/4/2020,Bauchi,6,0,0
14/4/2020,Kaduna,6,0,0
14/4/2020,Akwa Ibom,6,0,0
14/4/2020,Katsina,5,0,1
14/4/2020,Kwara,4,0,0
14/4/2020,Kano,4,0,0
14/4/2020,Delta,3,0,1
14/4/2020,Ondo,3,0,0
14/4/2020,Ekiti,2,1,0
14/4/2020,Enugu,2,0,0
14/4/2020,Rivers,2,1,0
14/4/2020,Benue,1,0,0
14/4/2020,Anambra,1,0,0
14/4/2020,Niger,1,0,0
15/4/2020,Lagos,232,85,7
15/4/2020,FCT,58,23,2
15/4/2020,Osun,20,11,0
15/4/2020,Kano,16,0,0
15/4/2020,Edo,15,0,1
15/4/2020,Oyo,11,4,0
15/4/2020,Ogun,9,2,0
15/4/2020,Katsina,7,0,1
15/4/2020,Bauchi,6,0,0
15/4/2020,Kaduna,6,0,0
15/4/2020,Akwa Ibom,6,0,0
15/4/2020,Kwara,4,0,0
15/4/2020,Delta,4,0,1
15/4/2020,Ondo,3,0,0
15/4/2020,Ekiti,2,1,0
15/4/2020,Enugu,2,1,0
15/4/2020,Rivers,2,1,0
15/4/2020,Niger,2,0,0
15/4/2020,Benue,1,0,0
15/4/2020,Anambra,1,0,0
16/4/2020,Lagos,251,90,7
16/4/2020,FCT,67,23,2
16/4/2020,Kano,21,0,1
16/4/2020,Osun,20,17,0
16/4/2020,Edo,15,5,1
16/4/2020,Oyo,13,5,0
16/4/2020,Ogun,9,5,0
16/4/2020,Katsina,7,0,1
16/4/2020,Kaduna,6,0,0
16/4/2020,Bauchi,6,0,0
16/4/2020,Akwa Ibom,6,3,0
16/4/2020,Kwara,4,0,0
16/4/2020,Delta,4,0,1
16/4/2020,Ondo,3,0,0
16/4/2020,Rivers,2,1,0
16/4/2020,Niger,2,0,0
16/4/2020,Enugu,2,2,0
16/4/2020,Ekiti,2,1,0
16/4/2020,Benue,1,0,0
16/4/2020,Anambra,1,0,0
17/4/2020,Lagos,283,90,11
17/4/2020,FCT,69,23,2
17/4/2020,Kano,27,0,1
17/4/2020,Osun,20,17,0
17/4/2020,Edo,15,6,1
17/4/2020,Oyo,15,5,0
17/4/2020,Ogun,10,5,0
17/4/2020,Katsina,9,0,1
17/4/2020,Kwara,9,0,0
17/4/2020,Kaduna,6,4,0
17/4/2020,Bauchi,6,0,0
17/4/2020,Akwa Ibom,6,3,0
17/4/2020,Delta,4,0,1
17/4/2020,Ondo,3,0,0
17/4/2020,Ekiti,3,2,0
17/4/2020,Rivers,2,2,0
17/4/2020,Niger,2,0,0
17/4/2020,Enugu,2,2,0
17/4/2020,Benue,1,0,0
17/4/2020,Anambra,1,0,0
18/4/2020,Lagos,306,93,13
18/4/2020,FCT,81,23,2
18/4/2020,Kano,37,0,1
18/4/2020,Osun,20,18,0
18/4/2020,Oyo,16,5,0
18/4/2020,Edo,15,6,1
18/4/2020,Ogun,12,5,0
18/4/2020,Katsina,9,0,1
18/4/2020,Kwara,9,2,0
18/4/2020,Kaduna,6,4,0
18/4/2020,Bauchi,6,1,0
18/4/2020,Akwa Ibom,6,3,0
18/4/2020,Delta,4,0,1
18/4/2020,Ekiti,4,2,0
18/4/2020,Ondo,3,0,0
18/4/2020,Rivers,2,2,0
18/4/2020,Niger,2,0,0
18/4/2020,Enugu,2,2,0
18/4/2020,Benue,1,0,0
18/4/2020,Anambra,1,0,0
19/4/2020,Lagos,376,97,13
19/4/2020,FCT,88,23,2
19/4/2020,Kano,36,0,1
19/4/2020,Osun,20,18,0
19/4/2020,Oyo,16,5,0
19/4/2020,Edo,15,6,1
19/4/2020,Ogun,12,5,0
19/4/2020,Katsina,12,0,1
19/4/2020,Kwara,9,2,0
19/4/2020,Akwa Ibom,9,3,1
19/4/2020,Bauchi,7,1,0
19/4/2020,Kaduna,6,4,0
19/4/2020,Delta,4,0,1
19/4/2020,Ekiti,3,2,0
19/4/2020,Ondo,3,0,0
19/4/2020,Rivers,2,2,0
19/4/2020,Niger,2,0,0
19/4/2020,Enugu,2,2,0
19/4/2020,Jigawa,2,0,0
19/4/2020,Benue,1,0,0
19/4/2020,Anambra,1,0,0
19/4/2020,Borno,1,0,1
20/4/2020,Lagos,376,97,13
20/4/2020,FCT,89,35,3
20/4/2020,Kano,59,0,1
20/4/2020,Osun,20,18,0
20/4/2020,Oyo,16,5,0
20/4/2020,Edo,15,7,1
20/4/2020,Ogun,12,5,0
20/4/2020,Katsina,12,0,1
20/4/2020,Kwara,9,2,0
20/4/2020,Akwa Ibom,9,3,1
20/4/2020,Kaduna,9,4,0
20/4/2020,Bauchi,7,5,0
20/4/2020,Gombe,5,0,0
20/4/2020,Delta,4,0,1
20/4/2020,Ekiti,4,2,0
20/4/2020,Ondo,3,1,0
20/4/2020,Borno,3,0,1
20/4/2020,Rivers,2,2,0
20/4/2020,Niger,2,0,0
20/4/2020,Enugu,2,2,0
20/4/2020,Jigawa,2,0,0
20/4/2020,Abia,2,0,0
20/4/2020,Benue,1,0,0
20/4/2020,Anambra,1,0,0
20/4/2020,Sokoto,1,0,0
21/4/2020,Lagos,430,106,15
21/4/2020,FCT,118,35,3
21/4/2020,Kano,73,0,1
21/4/2020,Osun,20,18,0
21/4/2020,Ogun,20,5,0
21/4/2020,Oyo,16,5,0
21/4/2020,Katsina,16,0,1
21/4/2020,Edo,15,7,2
21/4/2020,Kwara,9,2,0
21/4/2020,Akwa Ibom,9,3,1
21/4/2020,Kaduna,9,4,0
21/4/2020,Borno,9,0,1
21/4/2020,Bauchi,8,5,0
21/4/2020,Gombe,5,0,0
21/4/2020,Delta,4,0,1
21/4/2020,Ekiti,4,2,0
21/4/2020,Ondo,3,1,0
21/4/2020,Rivers,3,2,0
21/4/2020,Niger,2,0,0
21/4/2020,Enugu,2,2,0
21/4/2020,Jigawa,2,0,0
21/4/2020,Abia,2,0,0
21/4/2020,Benue,1,0,0
21/4/2020,Anambra,1,0,0
21/4/2020,Sokoto,1,0,0
22/4/2020,Lagos,504,106,15
22/4/2020,FCT,119,35,3
22/4/2020,Kano,73,0,1
22/4/2020,Ogun,24,5,0
22/4/2020,Katsina,21,0,1
22/4/2020,Osun,20,18,0
22/4/2020,Oyo,17,5,1
22/4/2020,Edo,17,7,2
22/4/2020,Kwara,10,2,0
22/4/2020,Akwa Ibom,9,3,1
22/4/2020,Kaduna,9,4,0
22/4/2020,Borno,9,0,2
22/4/2020,Bauchi,8,5,0
22/4/2020,Delta,6,0,1
22/4/2020,Gombe,5,0,0
22/4/2020,Ekiti,4,2,1
22/4/2020,Ondo,3,1,0
22/4/2020,Rivers,3,2,0
22/4/2020,Niger,2,0,0
22/4/2020,Enugu,2,2,0
22/4/2020,Jigawa,2,0,0
22/4/2020,Abia,2,0,0
22/4/2020,Benue,1,0,0
22/4/2020,Anambra,1,0,0
22/4/2020,Sokoto,1,0,0
22/4/2020,Adamawa,1,0,0
23/4/2020,Lagos,582,106,16
23/4/2020,FCT,133,35,3
23/4/2020,Kano,73,0,1
23/4/2020,Ogun,29,5,1
23/4/2020,Katsina,21,0,1
23/4/2020,Osun,20,18,0
23/4/2020,Oyo,17,5,1
23/4/2020,Edo,17,7,2
23/4/2020,Borno,12,0,2
23/4/2020,Kwara,11,2,0
23/4/2020,Akwa Ibom,11,3,1
23/4/2020,Kaduna,9,4,0
23/4/2020,Gombe,9,0,0
23/4/2020,Bauchi,8,5,0
23/4/2020,Delta,6,0,1
23/4/2020,Ekiti,4,2,1
23/4/2020,Ondo,3,1,0
23/4/2020,Rivers,3,2,1
23/4/2020,Niger,2,0,0
23/4/2020,Enugu,2,2,0
23/4/2020,Jigawa,2,0,0
23/4/2020,Abia,2,0,0
23/4/2020,Benue,1,0,0
23/4/2020,Anambra,1,0,0
23/4/2020,Sokoto,1,0,0
23/4/2020,Adamawa,1,0,0
23/4/2020,Plateau,1,0,0
24/4/2020,Lagos,662,116,16
24/4/2020,FCT,138,35,3
24/4/2020,Kano,73,0,1
24/4/2020,Gombe,30,0,0
24/4/2020,Ogun,30,5,1
24/4/2020,Katsina,21,0,1
24/4/2020,Osun,20,18,0
24/4/2020,Edo,19,7,3
24/4/2020,Oyo,18,5,1
24/4/2020,Borno,12,0,2
24/4/2020,Akwa Ibom,11,3,1
24/4/2020,Kwara,11,2,0
24/4/2020,Kaduna,10,4,0
24/4/2020,Bauchi,8,5,0
24/4/2020,Delta,6,0,1
24/4/2020,Ekiti,4,2,1
24/4/2020,Ondo,3,2,0
24/4/2020,Rivers,3,2,1
24/4/2020,Abia,2,0,0
24/4/2020,Enugu,2,2,0
24/4/2020,Jigawa,2,0,0
24/4/2020,Niger,2,0,0
24/4/2020,Sokoto,2,0,0
24/4/2020,Zamfara,2,0,0
24/4/2020,Adamawa,1,0,0
24/4/2020,Anambra,1,0,0
24/4/2020,Benue,1,0,0
24/4/2020,Plateau,1,0,0
25/4/2020,Lagos,689,122,19
25/4/2020,FCT,138,35,3
25/4/2020,Kano,77,0,1
25/4/2020,Ogun,35,5,1
25/4/2020,Osun,32,18,0
25/4/2020,Borno,30,0,2
25/4/2020,Gombe,30,0,0
25/4/2020,Katsina,30,4,1
25/4/2020,Edo,22,7,3
25/4/2020,Oyo,18,5,1
25/4/2020,Akwa Ibom,11,6,1
25/4/2020,Bauchi,11,5,0
25/4/2020,Kwara,11,2,0
25/4/2020,Kaduna,10,4,0
25/4/2020,Ekiti,8,2,1
25/4/2020,Delta,6,0,1
25/4/2020,Ondo,4,2,0
25/4/2020,Rivers,3,2,1
25/4/2020,Abia,2,0,0
25/4/2020,Enugu,2,2,0
25/4/2020,Jigawa,2,0,0
25/4/2020,Niger,2,0,0
25/4/2020,Sokoto,2,0,0
25/4/2020,Zamfara,2,0,0
25/4/2020,Adamawa,1,0,0
25/4/2020,Anambra,1,1,0
25/4/2020,Benue,1,0,0
25/4/2020,Imo,1,0,0
25/4/2020,Plateau,1,0,0
26/4/2020,Lagos,731,128,19
26/4/2020,FCT,141,35,3
26/4/2020,Kano,77,0,1
26/4/2020,Gombe,35,0,0
26/4/2020,Ogun,35,5,1
26/4/2020,Osun,34,18,2
26/4/2020,Borno,30,0,2
26/4/2020,Katsina,30,4,2
26/4/2020,Edo,25,8,3
26/4/2020,Oyo,21,9,2
26/4/2020,Kaduna,15,6,0
26/4/2020,Bauchi,14,6,0
26/4/2020,Akwa,12,9,1
26/4/2020,Kwara,11,2,0
26/4/2020,Sokoto,10,0,0
26/4/2020,Ekiti,8,2,1
26/4/2020,Ondo,8,2,0
26/4/2020,Delta,6,0,1
26/4/2020,Rivers,6,2,2
26/4/2020,Taraba,6,0,0
26/4/2020,Abia,2,0,0
26/4/2020,Enugu,2,0,0
26/4/2020,Jigawa,2,0,0
26/4/2020,Niger,2,0,0
26/4/2020,Zamfara,2,0,0
26/4/2020,Adamawa,1,0,0
26/4/2020,Anambra,1,1,0
26/4/2020,Bayelsa,1,0,0
26/4/2020,Benue,1,0,0
26/4/2020,Ebonyi,1,0,0
26/4/2020,Imo,1,0,0
26/4/2020,Kebbi,1,0,0
26/4/2020,Plateau,1,0,0
27/4/2020,Lagos,764,143,19
27/4/2020,FCT,157,36,3
27/4/2020,Kano,77,0,1
27/4/2020,Borno,41,0,2
27/4/2020,Gombe,37,0,0
27/4/2020,Ogun,35,5,1
27/4/2020,Osun,34,18,2
27/4/2020,Katsina,30,0,2
27/4/2020,Edo,25,8,3
27/4/2020,Oyo,21,9,2
27/4/2020,Kaduna,15,6,0
27/4/2020,Bauchi,14,6,0
27/4/2020,Akwa Ibom,12,9,0
27/4/2020,Kwara,11,2,0
27/4/2020,Sokoto,10,0,0
27/4/2020,Ekiti,8,2,1
27/4/2020,Ondo,8,2,0
27/4/2020,Taraba,8,0,0
27/4/2020,Delta,6,0,1
27/4/2020,Rivers,6,2,2
27/4/2020,Abia,2,0,0
27/4/2020,Enugu,2,2,0
27/4/2020,Jigawa,2,0,0
27/4/2020,Niger,2,0,0
27/4/2020,Zamfara,2,0,0
27/4/2020,Adamawa,1,0,0
27/4/2020,Anambra,1,1,0
27/4/2020,Bayelsa,1,0,0
27/4/2020,Benue,1,0,0
27/4/2020,Ebonyi,1,0,0
27/4/2020,Imo,1,0,0
27/4/2020,Kebbi,1,0,0
27/4/2020,Plateau,1,0,0
28/4/2020,Lagos,844,143,19
28/4/2020,FCT,158,36,3
28/4/2020,Kano,115,0,1
28/4/2020,Borno,53,0,2
28/4/2020,Ogun,50,6,1
28/4/2020,Gombe,46,0,0
28/4/2020,Osun,34,18,2
28/4/2020,Edo,30,8,3
28/4/2020,Katsina,30,0,2
28/4/2020,Bauchi,29,6,0
28/4/2020,Oyo,21,9,2
28/4/2020,Sokoto,19,0,3
28/4/2020,Kaduna,15,6,0
28/4/2020,Akwa Ibom,12,9,1
28/4/2020,Kwara,11,2,0
28/4/2020,Ekiti,8,2,1
28/4/2020,Ondo,8,3,0
28/4/2020,Taraba,8,0,0
28/4/2020,Delta,7,2,2
28/4/2020,Jigawa,7,0,0
28/4/2020,Rivers,7,2,2
28/4/2020,Zamfara,4,0,0
28/4/2020,Enugu,3,2,0
28/4/2020,Abia,2,0,0
28/4/2020,Niger,2,0,0
28/4/2020,Adamawa,1,0,0
28/4/2020,Anambra,1,1,0
28/4/2020,Bayelsa,1,0,0
28/4/2020,Benue,1,0,0
28/4/2020,Ebonyi,11,0,0
28/4/2020,Imo,1,0,0
28/4/2020,Kebbi,1,0,0
28/4/2020,Nasarawa,1,0,0
28/4/2020,Plateau,1,0,0
29/4/2020,Lagos,931,192,21
29/4/2020,FCT,174,36,3
29/4/2020,Kano,139,0,3
29/4/2020,Gombe,64,0,0
29/4/2020,Borno,59,0,5
29/4/2020,Ogun,50,6,1
29/4/2020,Katsina,40,0,2
29/4/2020,Edo,37,9,3
29/4/2020,Osun,34,18,2
29/4/2020,Kaduna,32,6,0
29/4/2020,Bauchi,29,6,0
29/4/2020,Sokoto,27,0,3
29/4/2020,Oyo,21,9,2
29/4/2020,Akwa Ibom,12,9,1
29/4/2020,Kwara,11,2,0
29/4/2020,Ekiti,8,2,1
29/4/2020,Ondo,8,3,0
29/4/2020,Taraba,8,0,0
29/4/2020,Delta,7,4,2
29/4/2020,Jigawa,7,0,0
29/4/2020,Rivers,7,2,2
29/4/2020,Zamfara,4,0,0
29/4/2020,Enugu,3,2,0
29/4/2020,Abia,2,0,0
29/4/2020,Adamawa,2,0,0
29/4/2020,Ebonyi,2,0,0
29/4/2020,Niger,2,0,0
29/4/2020,Anambra,1,1,0
29/4/2020,Bayelsa,1,0,0
29/4/2020,Benue,1,0,0
29/4/2020,Imo,1,0,0
29/4/2020,Kebbi,1,0,0
29/4/2020,Nasarawa,1,0,0
29/4/2020,Plateau,1,0,0
29/4/2020,Yobe,1,0,0
30/4/2020,Lagos,976,199,21
30/4/2020,Kano,219,0,3
30/4/2020,FCT,178,36,3
30/4/2020,Gombe,76,0,0
30/4/2020,Borno,66,0,6
30/4/2020,Ogun,56,8,1
30/4/2020,Edo,44,10,3
30/4/2020,Katsina,40,0,2
30/4/2020,Bauchi,38,6,0
30/4/2020,Sokoto,36,1,4
30/4/2020,Kaduna,35,6,1
30/4/2020,Osun,34,18,3
30/4/2020,Oyo,23,9,2
30/4/2020,Akwa Ibom,16,10,2
30/4/2020,Rivers,13,2,2
30/4/2020,Kwara,11,2,0
30/4/2020,Delta,9,4,2
30/4/2020,Ondo,9,3,0
30/4/2020,Ekiti,8,2,1
30/4/2020,Taraba,8,0,0
30/4/2020,Jigawa,7,0,1
30/4/2020,Bayelsa,5,0,0
30/4/2020,Zamfara,4,0,1
30/4/2020,Enugu,3,2,0
30/4/2020,Nasarawa,3,0,0
30/4/2020,Abia,2,0,0
30/4/2020,Adamawa,2,0,0
30/4/2020,Ebonyi,2,0,0
30/4/2020,Kebbi,2,0,0
30/4/2020,Niger,2,0,0
30/4/2020,Anambra,1,1,0
30/4/2020,Benue,1,0,0
30/4/2020,Imo,1,0,0
30/4/2020,Plateau,1,0,0
30/4/2020,Yobe,1,0,0
1/5/2020,Lagos,1006,225,28
1/5/2020,Kano,311,0,3
1/5/2020,FCT,214,36,3
1/5/2020,Gombe,92,0,0
1/5/2020,Borno,69,0,6
1/5/2020,Ogun,56,8,1
1/5/2020,Bauchi,48,6,0
1/5/2020,Edo,47,10,3
1/5/2020,Sokoto,41,1,7
1/5/2020,Katsina,49,6,2
1/5/2020,Kaduna,35,6,1
1/5/2020,Osun,34,18,3
1/5/2020,Oyo,29,9,2
1/5/2020,Delta,17,4,2
1/5/2020,Akwa Ibom,16,10,2
1/5/2020,Kwara,14,2,0
1/5/2020,Rivers,14,2,2
1/5/2020,Ondo,13,3,0
1/5/2020,Ekiti,11,2,1
1/5/2020,Zamfara,9,0,1
1/5/2020,Taraba,8,0,0
1/5/2020,Jigawa,7,0,1
1/5/2020,Nasarawa,7,0,0
1/5/2020,Bayelsa,5,0,0
1/5/2020,Adamawa,4,0,0
1/5/2020,Enugu,4,2,0
1/5/2020,Yobe,4,0,0
1/5/2020,Ebonyi,3,0,0
1/5/2020,Niger,3,0,0
1/5/2020,Abia,2,0,0
1/5/2020,Imo,2,0,0
1/5/2020,Kebbi,2,0,0
1/5/2020,Anambra,1,1,0
1/5/2020,Benue,1,0,0
1/5/2020,Plateau,1,0,0
2/5/2020,Lagos,1068,247,30
2/5/2020,Kano,313,7,6
2/5/2020,FCT,266,36,3
2/5/2020,Gombe,96,0,0
2/5/2020,Borno,75,0,11
2/5/2020,Kaduna,66,6,1
2/5/2020,Ogun,56,9,2
2/5/2020,Sokoto,54,1,8
2/5/2020,Bauchi,53,6,0
2/5/2020,Edo,52,10,3
2/5/2020,Katsina,38,6,6
2/5/2020,Osun,36,22,3
2/5/2020,Oyo,33,9,2
2/5/2020,Delta,17,4,2
2/5/2020,Akwa Ibom,16,10,2
2/5/2020,Kwara,16,2,0
2/5/2020,Rivers,14,2,2
2/5/2020,Ondo,13,3,0
2/5/2020,Yobe,13,0,1
2/5/2020,Kebbi,12,0,0
2/5/2020,Zamfara,12,0,1
2/5/2020,Ekiti,11,2,1
2/5/2020,Nasarawa,9,0,0
2/5/2020,Enugu,8,2,0
2/5/2020,Taraba,8,0,0
2/5/2020,Jigawa,7,0,1
2/5/2020,Bayelsa,5,0,0
2/5/2020,Ebonyi,5,0,0
2/5/2020,Adamawa,4,0,0
2/5/2020,Niger,3,0,0
2/5/2020,Plateau,3,0,0
2/5/2020,Abia,2,0,0
2/5/2020,Imo,2,0,0
2/5/2020,Anambra,1,1,0
2/5/2020,Benue,1,0,0
3/5/2020,Lagos,1107,247,30
3/5/2020,Kano,342,7,6
3/5/2020,FCT,278,40,3
3/5/2020,Gombe,96,0,0
3/5/2020,Borno,82,0,12
3/5/2020,Kaduna,81,8,1
3/5/2020,Ogun,80,10,2
3/5/2020,Bauchi,71,6,0
3/5/2020,Sokoto,66,1,8
3/5/2020,Edo,52,10,3
3/5/2020,Katsina,46,6,7
3/5/2020,Osun,36,22,3
3/5/2020,Oyo,34,9,2
3/5/2020,Delta,17,4,2
3/5/2020,Akwa Ibom,16,10,2
3/5/2020,Kwara,16,8,0
3/5/2020,Rivers,14,2,2
3/5/2020,Ondo,13,3,0
3/5/2020,Yobe,13,0,1
3/5/2020,Kebbi,12,0,0
3/5/2020,Nasarawa,12,0,0
3/5/2020,Zamfara,12,0,1
3/5/2020,Ekiti,11,2,1
3/5/2020,Enugu,8,2,0
3/5/2020,Taraba,8,0,0
3/5/2020,Jigawa,7,0,1
3/5/2020,Adamawa,6,0,0
3/5/2020,Bayelsa,5,0,0
3/5/2020,Ebonyi,5,0,0
3/5/2020,Niger,3,1,0
3/5/2020,Plateau,3,0,0
3/5/2020,Abia,2,1,0
3/5/2020,Imo,2,0,0
3/5/2020,Anambra,1,1,0
3/5/2020,Benue,1,0,0
4/5/2020,Lagos,1183,261,30
4/5/2020,Kano,365,0,8
4/5/2020,FCT,297,40,3
4/5/2020,Borno,100,0,14
4/5/2020,Gombe,96,0,0
4/5/2020,Ogun,85,12,2
4/5/2020,Katsina,83,6,7
4/5/2020,Kaduna,81,10,1
4/5/2020,Bauchi,80,6,0
4/5/2020,Sokoto,66,1,8
4/5/2020,Edo,62,10,4
4/5/2020,Jigawa,39,0,1
4/5/2020,Oyo,39,9,2
4/5/2020,Osun,37,30,4
4/5/2020,Delta,17,2,2
4/5/2020,Akwa Ibom,16,10,2
4/5/2020,Kwara,16,8,0
4/5/2020,Rivers,14,2,2
4/5/2020,Ondo,13,3,0
4/5/2020,Yobe,13,0,1
4/5/2020,Zamfara,13,0,1
4/5/2020,Adamawa,12,0,0
4/5/2020,Ekiti,12,2,1
4/5/2020,Kebbi,12,0,0
4/5/2020,Nasarawa,11,0,0
4/5/2020,Enugu,8,2,0
4/5/2020,Taraba,8,0,0
4/5/2020,Bayelsa,5,0,0
4/5/2020,Ebonyi,5,0,0
4/5/2020,Niger,4,1,0
4/5/2020,Plateau,3,0,0
4/5/2020,Abia,2,1,0
4/5/2020,Benue,2,0,0
4/5/2020,Imo,2,0,0
4/5/2020,Anambra,1,1,0
5/5/2020,Lagos,1226,321,30
5/5/2020,Kano,397,3,11
5/5/2020,FCT,307,40,3
5/5/2020,Borno,106,0,14
5/5/2020,Gombe,98,0,0
5/5/2020,Katsina,92,6,8
5/5/2020,Ogun,91,12,2
5/5/2020,Kaduna,84,10,1
5/5/2020,Bauchi,83,6,0
5/5/2020,Sokoto,76,1,8
5/5/2020,Edo,65,10,4
5/5/2020,Oyo,44,9,2
5/5/2020,Jigawa,39,0,1
5/5/2020,Osun,37,30,4
5/5/2020,Zamfara,27,0,1
5/5/2020,Delta,17,2,2
5/5/2020,Akwa Ibom,16,10,2
5/5/2020,Kwara,16,8,0
5/5/2020,Taraba,15,0,0
5/5/2020,Adamawa,14,0,0
5/5/2020,Rivers,14,2,2
5/5/2020,Kebbi,13,0,0
5/5/2020,Ondo,13,3,0
5/5/2020,Yobe,13,0,1
5/5/2020,Ekiti,12,2,1
5/5/2020,Nasarawa,11,0,1
5/5/2020,Enugu,8,2,0
5/5/2020,Bayelsa,5,0,0
5/5/2020,Ebonyi,5,0,0
5/5/2020,Niger,4,1,0
5/5/2020,Plateau,4,0,0
5/5/2020,Abia,2,1,0
5/5/2020,Benue,2,0,0
5/5/2020,Imo,2,1,0
5/5/2020,Anambra,1,1,0
6/5/2020,Lagos,1308,358,30
6/5/2020,Kano,427,6,13
6/5/2020,FCT,316,40,4
6/5/2020,Borno,116,0,14
6/5/2020,Gombe,103,0,0
6/5/2020,Katsina,95,8,8
6/5/2020,Ogun,95,18,2
6/5/2020,Kaduna,85,10,1
6/5/2020,Sokoto,85,1,8
6/5/2020,Bauchi,83,6,0
6/5/2020,Edo,65,10,4
6/5/2020,Oyo,52,11,2
6/5/2020,Zamfara,46,0,2
6/5/2020,Jigawa,39,0,1
6/5/2020,Osun,37,30,4
6/5/2020,Kebbi,18,0,0
6/5/2020,Delta,17,2,3
6/5/2020,Akwa Ibom,16,10,2
6/5/2020,Kwara,16,8,0
6/5/2020,Adamawa,15,0,0
6/5/2020,Taraba,15,0,0
6/5/2020,Rivers,14,2,2
6/5/2020,Ondo,13,6,0
6/5/2020,Yobe,13,0,1
6/5/2020,Ekiti,12,2,1
6/5/2020,Nasarawa,11,0,1
6/5/2020,Enugu,8,2,0
6/5/2020,Bayelsa,5,0,0
6/5/2020,Ebonyi,5,0,0
6/5/2020,Niger,4,1,0
6/5/2020,Plateau,4,0,0
6/5/2020,Abia,2,1,0
6/5/2020,Benue,2,0,0
6/5/2020,Imo,2,1,0
6/5/2020,Anambra,1,1,0
7/5/2020,Lagos,1491,406,33
7/5/2020,Kano,482,19,13
7/5/2020,FCT,316,40,4
7/5/2020,Borno,125,0,14
7/5/2020,Gombe,109,0,0
7/5/2020,Katsina,106,9,8
7/5/2020,Bauchi,102,6,0
7/5/2020,Ogun,100,18,2
7/5/2020,Kaduna,92,14,1
7/5/2020,Sokoto,89,1,8
7/5/2020,Jigawa,83,0,1
7/5/2020,Edo,65,10,4
7/5/2020,Zamfara,65,0,3
7/5/2020,Oyo,55,11,2
7/5/2020,Osun,37,30,4
7/5/2020,Kwara,24,8,0
7/5/2020,Kebbi,18,0,0
7/5/2020,Akwa Ibom,17,10,2
7/5/2020,Delta,17,2,3
7/5/2020,Rivers,17,2,2
7/5/2020,Adamawa,15,0,0
7/5/2020,Taraba,15,0,0
7/5/2020,Ondo,13,6,0
7/5/2020,Yobe,13,0,1
7/5/2020,Ekiti,12,2,1
7/5/2020,Nasarawa,11,0,1
7/5/2020,Enugu,9,2,0
7/5/2020,Niger,6,1,0
7/5/2020,Bayelsa,5,0,0
7/5/2020,Ebonyi,5,0,0
7/5/2020,Plateau,5,1,0
7/5/2020,Abia,2,1,0
7/5/2020,Benue,2,0,0
7/5/2020,Imo,2,1,0
7/5/2020,Anambra,1,1,0
8/5/2020,Lagos,1667,448,33
8/5/2020,Kano,547,20,18
8/5/2020,FCT,336,40,4
8/5/2020,Borno,142,0,14
8/5/2020,Katsina,137,9,8
8/5/2020,Bauchi,117,6,1
8/5/2020,Ogun,113,28,4
8/5/2020,Gombe,110,10,0
8/5/2020,Kaduna,95,14,2
8/5/2020,Sokoto,93,4,9
8/5/2020,Jigawa,83,0,1
8/5/2020,Edo,67,12,4
8/5/2020,Zamfara,65,0,3
8/5/2020,Oyo,59,14,2
8/5/2020,Osun,38,30,4
8/5/2020,Nasarawa,25,0,1
8/5/2020,Kwara,24,9,0
8/5/2020,Rivers,21,4,2
8/5/2020,Kebbi,18,0,0
8/5/2020,Akwa Ibom,17,10,2
8/5/2020,Delta,17,3,3
8/5/2020,Adamawa,15,0,0
8/5/2020,Ondo,15,6,0
8/5/2020,Plateau,15,1,0
8/5/2020,Taraba,15,0,0
8/5/2020,Yobe,13,0,1
8/5/2020,Ekiti,12,4,1
8/5/2020,Enugu,10,2,0
8/5/2020,Ebonyi,7,0,0
8/5/2020,Niger,6,2,0
8/5/2020,Bayelsa,5,0,0
8/5/2020,Imo,3,1,0
8/5/2020,Abia,2,1,0
8/5/2020,Benue,2,0,0
8/5/2020,Anambra,1,1,0
9/5/2020,Lagos,1764,448,33
9/5/2020,Kano,576,30,18
9/5/2020,FCT,343,85,8
9/5/2020,Bauchi,161,6,1
9/5/2020,Borno,159,0,15
9/5/2020,Katsina,156,9,9
9/5/2020,Ogun,115,28,4
9/5/2020,Gombe,110,15,0
9/5/2020,Kaduna,98,14,3
9/5/2020,Sokoto,96,10,9
9/5/2020,Jigawa,83,0,1
9/5/2020,Edo,67,12,4
9/5/2020,Zamfara,65,0,3
9/5/2020,Oyo,64,14,2
9/5/2020,Osun,38,30,4
9/5/2020,Kwara,30,9,1
9/5/2020,Nasarawa,25,0,2
9/5/2020,Rivers,21,4,2
9/5/2020,Kebbi,20,0,2
9/5/2020,Delta,17,3,3
9/5/2020,Akwa Ibom,17,10,2
9/5/2020,Plateau,17,1,0
9/5/2020,Adamawa,17,0,0
9/5/2020,Taraba,15,0,0
9/5/2020,Ondo,15,6,0
9/5/2020,Yobe,13,0,1
9/5/2020,Ekiti,13,4,1
9/5/2020,Enugu,10,2,0
9/5/2020,Ebonyi,7,0,0
9/5/2020,Niger,6,2,0
9/5/2020,Bayelsa,5,0,0
9/5/2020,Imo,3,1,0
9/5/2020,Benue,2,0,0
9/5/2020,Abia,2,1,0
9/5/2020,Anambra,1,1,0
10/5/2020,Lagos,1845,469,33
10/5/2020,Kano,602,48,26
10/5/2020,FCT,356,53,6
10/5/2020,Borno,185,12,16
10/5/2020,Bauchi,181,6,1
10/5/2020,Katsina,156,16,10
10/5/2020,Jigawa,118,0,2
10/5/2020,Ogun,117,33,5
10/5/2020,Gombe,112,10,1
10/5/2020,Sokoto,106,13,12
10/5/2020,Kaduna,98,14,3
10/5/2020,Edo,79,13,4
10/5/2020,Zamfara,72,0,3
10/5/2020,Oyo,64,15,2
10/5/2020,Osun,39,30,4
10/5/2020,Kwara,34,9,1
10/5/2020,Nasarawa,25,0,2
10/5/2020,Kebbi,24,1,3
10/5/2020,Rivers,21,4,2
10/5/2020,Plateau,19,1,0
10/5/2020,Akwa Ibom,17,10,2
10/5/2020,Delta,17,3,3
10/5/2020,Adamawa,17,0,0
10/5/2020,Ekiti,15,4,1
10/5/2020,Ondo,15,6,0
10/5/2020,Taraba,15,1,0
10/5/2020,Yobe,13,0,1
10/5/2020,Enugu,10,2,0
10/5/2020,Ebonyi,7,0,0
10/5/2020,Niger,6,2,0
10/5/2020,Bayelsa,6,0,0
10/5/2020,Imo,3,1,0
10/5/2020,Benue,2,0,0
10/5/2020,Abia,2,1,0
10/5/2020,Anambra,1,1,0
11/5/2020,Lagos,1933,502,33
11/5/2020,Kano,666,61,32
11/5/2020,FCT,359,53,4
11/5/2020,Katsina,205,16,10
11/5/2020,Borno,186,12,16
11/5/2020,Bauchi,182,7,1
11/5/2020,Ogun,126,39,5
11/5/2020,Jigawa,118,4,2
11/5/2020,Gombe,118,53,1
11/5/2020,Kaduna,111,17,3
11/5/2020,Sokoto,106,19,12
11/5/2020,Edo,79,13,4
11/5/2020,Zamfara,73,1,5
11/5/2020,Oyo,65,15,2
11/5/2020,Osun,39,30,4
11/5/2020,Kwara,34,9,1
11/5/2020,Nasarawa,25,0,1
11/5/2020,Kebbi,24,1,3
11/5/2020,Rivers,22,4,3
11/5/2020,Adamawa,21,4,0
11/5/2020,Plateau,19,1,0
11/5/2020,Akwa Ibom,17,10,2
11/5/2020,Delta,17,3,3
11/5/2020,Ondo,16,11,1
11/5/2020,Taraba,15,1,0
11/5/2020,Ekiti,15,9,1
11/5/2020,Yobe,13,0,1
11/5/2020,Enugu,10,2,0
11/5/2020,Ebonyi,7,0,0
11/5/2020,Niger,6,2,0
11/5/2020,Bayelsa,6,0,0
11/5/2020,Imo,3,1,0
11/5/2020,Benue,2,0,0
11/5/2020,Abia,2,1,0
11/5/2020,Anambra,1,1,0
12/5/2020,Lagos,1990,502,33
12/5/2020,Kano,693,74,33
12/5/2020,FCT,360,65,7
12/5/2020,Katsina,208,18,11
12/5/2020,Bauchi,190,23,3
12/5/2020,Borno,188,12,16
12/5/2020,Ogun,127,46,5
12/5/2020,Gombe,119,53,1
12/5/2020,Jigawa,118,4,2
12/5/2020,Kaduna,111,17,3
12/5/2020,Sokoto,108,22,13
12/5/2020,Edo,88,13,4
12/5/2020,Zamfara,73,1,5
12/5/2020,Oyo,69,16,2
12/5/2020,Kwara,44,9,1
12/5/2020,Osun,39,30,4
12/5/2020,Kebbi,28,1,3
12/5/2020,Nasarawa,25,0,1
12/5/2020,Rivers,23,4,3
12/5/2020,Plateau,21,1,0
12/5/2020,Adamawa,21,4,0
12/5/2020,Yobe,20,0,1
12/5/2020,Delta,17,3,3
12/5/2020,Akwa Ibom,17,10,2
12/5/2020,Ondo,16,11,1
12/5/2020,Ekiti,15,9,1
12/5/2020,Taraba,15,1,0
12/5/2020,Enugu,11,2,0
12/5/2020,Niger,9,2,0
12/5/2020,Ebonyi,8,0,0
12/5/2020,Bayelsa,6,3,0
12/5/2020,Benue,4,0,0
12/5/2020,Imo,3,1,0
12/5/2020,Abia,2,1,0
12/5/2020,Anambra,1,1,0
13/5/2020,Lagos,2041,528,33
13/5/2020,Kano,707,79,33
13/5/2020,FCT,370,72,7
13/5/2020,Katsina,224,25,12
13/5/2020,Bauchi,206,25,3
13/5/2020,Borno,188,20,20
13/5/2020,Jigawa,141,4,3
13/5/2020,Ogun,127,46,5
13/5/2020,Gombe,119,65,1
13/5/2020,Kaduna,116,17,3
13/5/2020,Sokoto,112,40,13
13/5/2020,Edo,89,26,4
13/5/2020,Oyo,73,16,2
13/5/2020,Zamfara,73,1,5
13/5/2020,Kwara,53,9,1
13/5/2020,Osun,42,30,4
13/5/2020,Rivers,33,5,3
13/5/2020,Kebbi,31,5,3
13/5/2020,Nasarawa,28,0,1
13/5/2020,Delta,22,6,3
13/5/2020,Adamawa,21,4,0
13/5/2020,Plateau,20,4,0
13/5/2020,Yobe,20,0,1
13/5/2020,Ondo,18,11,1
13/5/2020,Akwa Ibom,17,12,2
13/5/2020,Taraba,17,1,0
13/5/2020,Ekiti,15,9,1
13/5/2020,Enugu,12,2,0
13/5/2020,Niger,10,2,0
13/5/2020,Ebonyi,9,0,0
13/5/2020,Bayelsa,6,3,0
13/5/2020,Benue,4,0,0
13/5/2020,Imo,3,1,0
13/5/2020,Abia,2,1,0
13/5/2020,Anambra,2,1,0
14/5/2020,Lagos,2099,541,33
14/5/2020,Kano,753,87,33
14/5/2020,FCT,379,82,7
14/5/2020,Katsina,224,29,12
14/5/2020,Bauchi,207,25,3
14/5/2020,Borno,191,20,20
14/5/2020,Jigawa,176,4,3
14/5/2020,Ogun,134,57,5
14/5/2020,Gombe,124,87,1
14/5/2020,Kaduna,114,17,3
14/5/2020,Sokoto,112,40,13
14/5/2020,Edo,92,27,5
14/5/2020,Oyo,73,16,2
14/5/2020,Zamfara,73,18,5
14/5/2020,Kwara,56,12,1
14/5/2020,Osun,42,30,4
14/5/2020,Rivers,33,5,3
14/5/2020,Yobe,32,3,1
14/5/2020,Kebbi,31,11,4
14/5/2020,Nasarawa,29,5,1
14/5/2020,Plateau,25,4,0
14/5/2020,Delta,22,9,4
14/5/2020,Adamawa,21,7,0
14/5/2020,Ondo,19,11,1
14/5/2020,Taraba,17,1,0
14/5/2020,Akwa Ibom,17,12,2
14/5/2020,Ekiti,15,9,1
14/5/2020,Enugu,12,2,0
14/5/2020,Niger,10,2,0
14/5/2020,Ebonyi,9,0,0
14/5/2020,Imo,7,2,0
14/5/2020,Bayelsa,6,3,0
14/5/2020,Benue,4,0,0
14/5/2020,Anambra,2,1,0
14/5/2020,Abia,2,1,0
15/5/2020,Lagos,2278,541,36
15/5/2020,Kano,761,90,33
15/5/2020,FCT,386,88,7
15/5/2020,Katsina,239,29,12
15/5/2020,Bauchi,210,41,3
15/5/2020,Borno,204,44,20
15/5/2020,Jigawa,191,4,3
15/5/2020,Ogun,145,59,5
15/5/2020,Kaduna,130,53,3
15/5/2020,Gombe,124,90,2
15/5/2020,Sokoto,112,53,13
15/5/2020,Edo,93,27,5
15/5/2020,Oyo,76,28,2
15/5/2020,Zamfara,73,29,5
15/5/2020,Kwara,58,12,1
15/5/2020,Osun,42,30,4
15/5/2020,Rivers,33,10,3
15/5/2020,Yobe,32,3,1
15/5/2020,Kebbi,31,11,4
15/5/2020,Nasarawa,29,5,1
15/5/2020,Delta,25,9,4
15/5/2020,Plateau,21,4,0
15/5/2020,Adamawa,21,11,0
15/5/2020,Ekiti,19,13,1
15/5/2020,Ondo,19,11,1
15/5/2020,Taraba,17,1,0
15/5/2020,Akwa Ibom,17,12,2
15/5/2020,Niger,14,2,0
15/5/2020,Enugu,12,2,0
15/5/2020,Ebonyi,9,1,0
15/5/2020,Imo,7,2,0
15/5/2020,Bayelsa,6,3,0
15/5/2020,Benue,4,0,0
15/5/2020,Anambra,2,1,0
15/5/2020,Abia,2,1,0
16/5/2020,Lagos,2373,541,36
16/5/2020,Kano,761,93,35
16/5/2020,FCT,397,108,7
16/5/2020,Katsina,239,29,12
16/5/2020,Bauchi,212,69,3
16/5/2020,Borno,212,46,22
16/5/2020,Jigawa,197,59,3
16/5/2020,Ogun,145,67,5
16/5/2020,Kaduna,138,55,3
16/5/2020,Gombe,124,90,2
16/5/2020,Sokoto,112,53,13
16/5/2020,Oyo,107,28,2
16/5/2020,Edo,95,35,5
16/5/2020,Zamfara,74,34,5
16/5/2020,Kwara,58,12,1
16/5/2020,Osun,42,31,4
16/5/2020,Rivers,35,21,3
16/5/2020,Yobe,32,3,1
16/5/2020,Nasarawa,31,5,1
16/5/2020,Kebbi,31,17,4
16/5/2020,Delta,25,9,4
16/5/2020,Niger,22,2,1
16/5/2020,Plateau,21,4,0
16/5/2020,Adamawa,21,11,0
16/5/2020,Ekiti,19,13,1
16/5/2020,Ondo,19,12,1
16/5/2020,Taraba,17,1,0
16/5/2020,Akwa Ibom,16,12,2
16/5/2020,Enugu,12,2,0
16/5/2020,Ebonyi,9,1,0
16/5/2020,Imo,7,2,0
16/5/2020,Bayelsa,6,5,0
16/5/2020,Benue,5,0,0
16/5/2020,Anambra,5,1,0
16/5/2020,Abia,2,1,0
17/5/2020,Lagos,2550,556,36
17/5/2020,Kano,825,111,36
17/5/2020,FCT,418,108,7
17/5/2020,Katsina,248,29,12
17/5/2020,Bauchi,215,69,3
17/5/2020,Borno,215,81,23
17/5/2020,Jigawa,201,68,3
17/5/2020,Ogun,145,67,5
17/5/2020,Kaduna,142,55,3
17/5/2020,Gombe,126,90,2
17/5/2020,Oyo,118,47,4
17/5/2020,Sokoto,113,66,13
17/5/2020,Edo,95,35,5
17/5/2020,Zamfara,74,34,5
17/5/2020,Kwara,58,12,1
17/5/2020,Rivers,51,21,3
17/5/2020,Osun,42,31,4
17/5/2020,Plateau,35,10,1
17/5/2020,Yobe,32,3,1
17/5/2020,Kebbi,32,17,4
17/5/2020,Nasarawa,31,5,1
17/5/2020,Delta,27,12,5
17/5/2020,Niger,22,5,1
17/5/2020,Adamawa,21,11,0
17/5/2020,Ondo,20,13,1
17/5/2020,Ekiti,19,13,1
17/5/2020,Akwa Ibom,18,12,2
17/5/2020,Taraba,17,1,0
17/5/2020,Enugu,12,2,0
17/5/2020,Ebonyi,9,1,0
17/5/2020,Imo,7,2,0
17/5/2020,Bayelsa,6,5,0
17/5/2020,Anambra,5,1,0
17/5/2020,Benue,5,0,0
17/5/2020,Abia,5,1,0
18/5/2020,Lagos,2624,556,38
18/5/2020,Kano,842,111,36
18/5/2020,FCT,422,108,9
18/5/2020,Katsina,281,29,13
18/5/2020,Borno,223,89,24
18/5/2020,Bauchi,222,83,5
18/5/2020,Jigawa,201,68,3
18/5/2020,Ogun,153,69,6
18/5/2020,Kaduna,145,57,3
18/5/2020,Oyo,137,47,4
18/5/2020,Gombe,134,92,2
18/5/2020,Sokoto,113,71,13
18/5/2020,Edo,108,35,5
18/5/2020,Zamfara,84,45,5
18/5/2020,Kwara,65,12,1
18/5/2020,Rivers,53,21,3
18/5/2020,Osun,42,31,4
18/5/2020,Plateau,35,10,1
18/5/2020,Yobe,32,3,1
18/5/2020,Kebbi,32,17,4
18/5/2020,Nasarawa,31,5,1
18/5/2020,Delta,27,12,5
18/5/2020,Niger,22,5,1
18/5/2020,Adamawa,21,13,0
18/5/2020,Ondo,20,13,1
18/5/2020,Ekiti,19,13,1
18/5/2020,Akwa Ibom,18,12,2
18/5/2020,Taraba,17,1,0
18/5/2020,Enugu,15,6,0
18/5/2020,Ebonyi,9,1,0
18/5/2020,Imo,7,2,0
18/5/2020,Bayelsa,6,5,0
18/5/2020,Anambra,5,1,0
18/5/2020,Benue,5,0,0
18/5/2020,Abia,5,1,0
19/5/2020,Lagos,2755,565,38
19/5/2020,Kano,842,119,36
19/5/2020,FCT,427,108,9
19/5/2020,Katsina,281,29,13
19/5/2020,Borno,227,89,24
19/5/2020,Bauchi,224,112,5
19/5/2020,Jigawa,205,68,3
19/5/2020,Ogun,178,69,6
19/5/2020,Kaduna,152,70,3
19/5/2020,Oyo,143,47,4
19/5/2020,Gombe,136,92,2
19/5/2020,Edo,119,35,6
19/5/2020,Sokoto,113,75,13
19/5/2020,Zamfara,84,46,5
19/5/2020,Kwara,65,12,1
19/5/2020,Rivers,53,21,3
19/5/2020,Plateau,50,14,1
19/5/2020,Osun,42,33,4
19/5/2020,Nasarawa,34,18,1
19/5/2020,Yobe,32,3,1
19/5/2020,Kebbi,32,17,4
19/5/2020,Delta,27,12,5
19/5/2020,Adamawa,26,13,0
19/5/2020,Niger,22,5,1
19/5/2020,Ondo,20,15,1
19/5/2020,Ekiti,19,13,1
19/5/2020,Akwa Ibom,18,12,2
19/5/2020,Taraba,17,1,0
19/5/2020,Enugu,16,6,0
19/5/2020,Ebonyi,13,1,0
19/5/2020,Imo,7,7,0
19/5/2020,Bayelsa,7,5,0
19/5/2020,Abia,5,1,0
19/5/2020,Benue,5,0,0
19/5/2020,Anambra,5,1,0
20/5/2020,Lagos,2954,582,40
20/5/2020,Kano,847,121,36
20/5/2020,FCT,435,115,9
20/5/2020,Katsina,281,29,13
20/5/2020,Borno,235,89,24
20/5/2020,Bauchi,224,130,5
20/5/2020,Jigawa,211,78,3
20/5/2020,Ogun,178,69,6
20/5/2020,Oyo,162,48,4
20/5/2020,Kaduna,152,82,4
20/5/2020,Gombe,136,92,3
20/5/2020,Edo,119,35,6
20/5/2020,Sokoto,113,75,13
20/5/2020,Rivers,79,21,4
20/5/2020,Zamfara,76,63,5
20/5/2020,Kwara,66,25,1
20/5/2020,Plateau,57,14,1
20/5/2020,Osun,42,33,4
20/5/2020,Nasarawa,34,18,1
20/5/2020,Yobe,32,3,1
20/5/2020,Kebbi,32,17,4
20/5/2020,Delta,28,12,6
20/5/2020,Adamawa,26,13,1
20/5/2020,Niger,22,5,1
20/5/2020,Ekiti,20,13,2
20/5/2020,Ondo,20,15,1
20/5/2020,Akwa Ibom,18,12,2
20/5/2020,Taraba,18,10,0
20/5/2020,Enugu,16,6,0
20/5/2020,Ebonyi,13,1,0
20/5/2020,Abia,7,1,0
20/5/2020,Imo,7,7,0
20/5/2020,Bayelsa,7,5,0
20/5/2020,Benue,5,0,0
20/5/2020,Anambra,5,1,0
21/5/2020,Lagos,3093,582,40
21/5/2020,Kano,875,123,36
21/5/2020,FCT,446,142,14
21/5/2020,Katsina,303,51,13
21/5/2020,Borno,235,89,24
21/5/2020,Bauchi,228,133,5
21/5/2020,Jigawa,225,78,4
21/5/2020,Oyo,190,49,4
21/5/2020,Ogun,183,73,6
21/5/2020,Kaduna,170,84,4
21/5/2020,Edo,144,39,6
21/5/2020,Gombe,144,92,3
21/5/2020,Sokoto,113,75,13
21/5/2020,Rivers,80,21,7
21/5/2020,Zamfara,76,63,5
21/5/2020,Plateau,70,14,1
21/5/2020,Kwara,66,25,1
21/5/2020,Yobe,45,5,1
21/5/2020,Osun,42,33,4
21/5/2020,Nasarawa,38,18,2
21/5/2020,Kebbi,32,17,4
21/5/2020,Delta,31,12,6
21/5/2020,Adamawa,27,13,2
21/5/2020,Ondo,22,15,1
21/5/2020,Niger,22,5,1
21/5/2020,Ekiti,20,13,2
21/5/2020,Akwa Ibom,18,12,2
21/5/2020,Taraba,18,10,0
21/5/2020,Enugu,16,6,0
21/5/2020,Ebonyi,13,1,0
21/5/2020,Imo,7,7,0
21/5/2020,Bayelsa,7,5,0
21/5/2020,Abia,7,1,0
21/5/2020,Benue,5,0,0
21/5/2020,Anambra,5,1,0
22/5/2020,Lagos,3224,582,42
22/5/2020,Kano,883,133,36
22/5/2020,FCT,447,143,14
22/5/2020,Katsina,308,51,14
22/5/2020,Borno,247,111,25
22/5/2020,Jigawa,241,78,4
22/5/2020,Bauchi,230,156,5
22/5/2020,Oyo,199,49,4
22/5/2020,Ogun,196,97,6
22/5/2020,Kaduna,179,84,5
22/5/2020,Gombe,145,92,3
22/5/2020,Edo,144,39,6
22/5/2020,Sokoto,116,80,13
22/5/2020,Rivers,89,23,7
22/5/2020,Zamfara,76,63,5
22/5/2020,Kwara,73,25,1
22/5/2020,Plateau,71,18,1
22/5/2020,Yobe,47,8,6
22/5/2020,Osun,42,33,4
22/5/2020,Nasarawa,38,18,2
22/5/2020,Kebbi,32,17,4
22/5/2020,Delta,31,12,6
22/5/2020,Adamawa,27,13,2
22/5/2020,Ondo,23,18,1
22/5/2020,Niger,23,5,1
22/5/2020,Ebonyi,22,2,0
22/5/2020,Akwa Ibom,21,12,2
22/5/2020,Ekiti,20,13,2
22/5/2020,Taraba,18,10,0
22/5/2020,Enugu,16,6,0
22/5/2020,Bayelsa,8,6,0
22/5/2020,Abia,7,1,0
22/5/2020,Imo,7,7,0
22/5/2020,Anambra,6,1,0
22/5/2020,Benue,5,1,0
23/5/2020,Lagos,3357,627,42
23/5/2020,Kano,883,133,36
23/5/2020,FCT,469,143,14
23/5/2020,Katsina,308,51,14
23/5/2020,Borno,250,141,25
23/5/2020,Jigawa,241,78,4
23/5/2020,Oyo,233,58,4
23/5/2020,Bauchi,232,165,5
23/5/2020,Ogun,219,99,6
23/5/2020,Kaduna,184,100,5
23/5/2020,Edo,172,57,6
23/5/2020,Gombe,145,105,3
23/5/2020,Sokoto,116,80,13
23/5/2020,Rivers,89,23,7
23/5/2020,Plateau,77,27,1
23/5/2020,Zamfara,76,63,5
23/5/2020,Kwara,75,34,1
23/5/2020,Yobe,47,8,6
23/5/2020,Osun,42,33,4
23/5/2020,Nasarawa,38,18,2
23/5/2020,Kebbi,32,17,4
23/5/2020,Delta,31,12,6
23/5/2020,Adamawa,27,18,2
23/5/2020,Niger,26,5,1
23/5/2020,Ondo,23,18,1
23/5/2020,Ebonyi,22,2,0
23/5/2020,Akwa Ibom,21,13,2
23/5/2020,Ekiti,20,14,2
23/5/2020,Enugu,18,6,0
23/5/2020,Taraba,18,10,0
23/5/2020,Bayelsa,8,6,0
23/5/2020,Anambra,8,1,0
23/5/2020,Abia,7,1,0
23/5/2020,Imo,7,7,0
23/5/2020,Benue,5,1,0
24/5/2020,Lagos,3505,658,42
24/5/2020,Kano,896,133,36
24/5/2020,FCT,505,144,14
24/5/2020,Katsina,308,51,14
24/5/2020,Borno,250,144,25
24/5/2020,Jigawa,241,78,4
24/5/2020,Oyo,240,58,4
24/5/2020,Bauchi,232,165,5
24/5/2020,Ogun,231,101,7
24/5/2020,Edo,191,58,7
24/5/2020,Kaduna,189,116,5
24/5/2020,Gombe,145,118,3
24/5/2020,Rivers,116,30,8
24/5/2020,Sokoto,116,90,14
24/5/2020,Plateau,83,27,1
24/5/2020,Kwara,79,34,1
24/5/2020,Zamfara,76,63,5
24/5/2020,Yobe,47,8,6
24/5/2020,Nasarawa,46,18,2
24/5/2020,Osun,42,33,4
24/5/2020,Delta,39,13,7
24/5/2020,Ebonyi,33,6,0
24/5/2020,Kebbi,32,17,4
24/5/2020,Niger,28,5,1
24/5/2020,Adamawa,27,18,2
24/5/2020,Akwa Ibom,24,13,2
24/5/2020,Ondo,23,18,1
24/5/2020,Ekiti,20,14,2
24/5/2020,Enugu,18,6,0
24/5/2020,Taraba,18,10,0
24/5/2020,Bayelsa,11,6,0
24/5/2020,Anambra,9,1,0
24/5/2020,Imo,7,7,0
24/5/2020,Abia,7,1,0
24/5/2020,Benue,5,1,0
25/5/2020,Lagos,3595,658,42
25/5/2020,Kano,919,134,38
25/5/2020,FCT,519,156,14
25/5/2020,Katsina,335,51,14
25/5/2020,Borno,255,145,25
25/5/2020,Oyo,244,76,4
25/5/2020,Jigawa,241,78,4
25/5/2020,Ogun,240,103,9
25/5/2020,Bauchi,232,165,5
25/5/2020,Edo,191,58,7
25/5/2020,Kaduna,189,116,5
25/5/2020,Gombe,148,118,3
25/5/2020,Rivers,121,32,9
25/5/2020,Sokoto,116,90,14
25/5/2020,Plateau,95,27,2
25/5/2020,Kwara,79,34,1
25/5/2020,Zamfara,76,63,5
25/5/2020,Yobe,47,8,7
25/5/2020,Delta,46,14,7
25/5/2020,Nasarawa,46,18,2
25/5/2020,Osun,44,35,4
25/5/2020,Ebonyi,33,6,0
25/5/2020,Imo,33,7,0
25/5/2020,Kebbi,32,17,4
25/5/2020,Niger,28,9,1
25/5/2020,Adamawa,27,18,2
25/5/2020,Akwa Ibom,24,13,2
25/5/2020,Ondo,23,19,1
25/5/2020,Ekiti,20,14,2
25/5/2020,Taraba,18,10,0
25/5/2020,Enugu,18,8,0
25/5/2020,Bayelsa,12,6,0
25/5/2020,Anambra,10,1,0
25/5/2020,Abia,7,3,0
25/5/2020,Benue,5,1,0
26/5/2020,Lagos,3756,658,47
26/5/2020,Kano,923,134,38
26/5/2020,FCT,519,156,14
26/5/2020,Katsina,335,51,14
26/5/2020,Borno,256,145,25
26/5/2020,Oyo,250,76,6
26/5/2020,Ogun,241,109,9
26/5/2020,Jigawa,241,78,4
26/5/2020,Bauchi,233,203,7
26/5/2020,Edo,218,58,9
26/5/2020,Kaduna,208,128,6
26/5/2020,Rivers,157,32,11
26/5/2020,Gombe,150,118,3
26/5/2020,Sokoto,116,90,14
26/5/2020,Plateau,95,43,2
26/5/2020,Kwara,79,34,1
26/5/2020,Zamfara,76,63,5
26/5/2020,Nasarawa,56,18,2
26/5/2020,Delta,49,14,7
26/5/2020,Yobe,47,8,7
26/5/2020,Osun,44,35,4
26/5/2020,Ebonyi,36,6,0
26/5/2020,Imo,33,7,0
26/5/2020,Kebbi,32,17,4
26/5/2020,Niger,28,9,1
26/5/2020,Adamawa,27,18,2
26/5/2020,Ondo,24,19,2
26/5/2020,Akwa Ibom,24,13,2
26/5/2020,Ekiti,20,14,2
26/5/2020,Enugu,18,8,0
26/5/2020,Taraba,18,10,0
26/5/2020,Bayelsa,12,6,0
26/5/2020,Anambra,10,3,1
26/5/2020,Abia,8,3,0
26/5/2020,Benue,5,1,0
27/5/2020,Lagos,4012,745,47
27/5/2020,Kano,936,135,41
27/5/2020,FCT,519,157,14
27/5/2020,Katsina,358,51,14
27/5/2020,Borno,257,145,25
27/5/2020,Oyo,252,76,6
27/5/2020,Ogun,242,109,9
27/5/2020,Jigawa,241,78,4
27/5/2020,Edo,240,58,10
27/5/2020,Bauchi,233,203,7
27/5/2020,Kaduna,215,134,6
27/5/2020,Rivers,171,43,11
27/5/2020,Gombe,152,118,3
27/5/2020,Sokoto,116,94,14
27/5/2020,Plateau,97,43,2
27/5/2020,Kwara,85,34,1
27/5/2020,Zamfara,76,66,5
27/5/2020,Nasarawa,62,18,2
27/5/2020,Delta,51,14,7
27/5/2020,Yobe,47,8,7
27/5/2020,Osun,44,35,4
27/5/2020,Adamawa,38,20,3
27/5/2020,Ebonyi,36,6,0
27/5/2020,Akwa Ibom,35,14,2
27/5/2020,Imo,34,7,0
27/5/2020,Kebbi,32,17,4
27/5/2020,Niger,30,9,1
27/5/2020,Ondo,24,19,2
27/5/2020,Ekiti,20,14,2
27/5/2020,Enugu,18,8,0
27/5/2020,Taraba,18,10,0
27/5/2020,Bayelsa,12,6,0
27/5/2020,Anambra,11,3,1
27/5/2020,Abia,10,3,0
27/5/2020,Benue,7,1,0
28/5/2020,Lagos,4123,745,47
28/5/2020,Kano,939,139,41
28/5/2020,FCT,535,158,14
28/5/2020,Katsina,358,51,14
28/5/2020,Oyo,260,88,6
28/5/2020,Borno,258,160,25
28/5/2020,Ogun,246,128,9
28/5/2020,Jigawa,241,78,4
28/5/2020,Edo,240,69,13
28/5/2020,Bauchi,234,205,7
28/5/2020,Kaduna,221,138,6
28/5/2020,Rivers,176,43,12
28/5/2020,Gombe,154,119,3
28/5/2020,Sokoto,116,93,14
28/5/2020,Plateau,99,47,2
28/5/2020,Kwara,87,37,1
28/5/2020,Zamfara,76,66,5
28/5/2020,Nasarawa,62,18,2
28/5/2020,Delta,57,14,7
28/5/2020,Yobe,47,8,7
28/5/2020,Akwa Ibom,45,14,2
28/5/2020,Osun,44,35,4
28/5/2020,Ebonyi,40,8,0
28/5/2020,Adamawa,38,20,3
28/5/2020,Imo,34,7,0
28/5/2020,Kebbi,33,29,4
28/5/2020,Niger,30,9,1
28/5/2020,Ondo,24,19,2
28/5/2020,Ekiti,20,16,2
28/5/2020,Taraba,18,10,0
28/5/2020,Enugu,18,8,0
28/5/2020,Bayelsa,12,6,1
28/5/2020,Anambra,11,3,1
28/5/2020,Abia,10,3,0
28/5/2020,Benue,7,1,0
29/5/2020,Lagos,4377,745,47
29/5/2020,Kano,942,192,41
29/5/2020,FCT,564,162,14
29/5/2020,Katsina,358,51,14
29/5/2020,Oyo,275,95,6
29/5/2020,Jigawa,265,78,4
29/5/2020,Borno,264,162,25
29/5/2020,Edo,262,69,13
29/5/2020,Ogun,246,128,9
29/5/2020,Bauchi,236,208,7
29/5/2020,Kaduna,232,147,7
29/5/2020,Rivers,190,48,12
29/5/2020,Gombe,156,119,3
29/5/2020,Sokoto,116,93,14
29/5/2020,Plateau,101,52,2
29/5/2020,Kwara,87,37,1
29/5/2020,Zamfara,76,71,5
29/5/2020,Nasarawa,62,18,2
29/5/2020,Delta,57,14,7
29/5/2020,Yobe,49,8,7
29/5/2020,Akwa Ibom,45,14,2
29/5/2020,Osun,44,35,4
29/5/2020,Ebonyi,40,8,0
29/5/2020,Adamawa,38,20,4
29/5/2020,Imo,34,14,0
29/5/2020,Kebbi,33,29,4
29/5/2020,Niger,30,9,1
29/5/2020,Ondo,25,20,2
29/5/2020,Ekiti,20,16,2
29/5/2020,Taraba,18,10,0
29/5/2020,Enugu,18,12,0
29/5/2020,Bayelsa,12,6,1
29/5/2020,Anambra,11,3,1
29/5/2020,Abia,10,3,0
29/5/2020,Benue,7,1,0
29/5/2020,Kogi,2,0,0
30/5/2020,Lagos,4755,766,50
30/5/2020,Kano,951,200,43
30/5/2020,FCT,616,173,17
30/5/2020,Katsina,364,68,14
30/5/2020,Edo,284,69,13
30/5/2020,Oyo,280,97,6
30/5/2020,Borno,271,167,26
30/5/2020,Jigawa,270,109,5
30/5/2020,Ogun,259,146,9
30/5/2020,Kaduna,244,157,7
30/5/2020,Bauchi,236,214,7
30/5/2020,Rivers,204,52,13
30/5/2020,Gombe,156,122,4
30/5/2020,Sokoto,116,96,14
30/5/2020,Plateau,104,53,2
30/5/2020,Kwara,87,37,1
30/5/2020,Delta,80,16,7
30/5/2020,Zamfara,76,71,5
30/5/2020,Nasarawa,62,18,2
30/5/2020,Yobe,52,24,7
30/5/2020,Akwa Ibom,45,14,2
30/5/2020,Osun,45,35,4
30/5/2020,Ebonyi,40,8,0
30/5/2020,Adamawa,38,20,4
30/5/2020,Imo,34,14,0
30/5/2020,Kebbi,33,29,4
30/5/2020,Niger,30,9,1
30/5/2020,Ondo,25,20,2
30/5/2020,Ekiti,20,16,2
30/5/2020,Taraba,18,10,0
30/5/2020,Enugu,18,12,0
30/5/2020,Bayelsa,12,7,1
30/5/2020,Anambra,11,3,1
30/5/2020,Abia,10,3,0
30/5/2020,Benue,7,1,0
30/5/2020,Kogi,2,0,0
31/5/2020,Lagos,4943,825,54
31/5/2020,Kano,954,240,45
31/5/2020,FCT,660,182,19
31/5/2020,Katsina,364,68,14
31/5/2020,Oyo,292,97,6
31/5/2020,Edo,284,69,13
31/5/2020,Ogun,278,149,9
31/5/2020,Borno,271,167,26
31/5/2020,Jigawa,270,135,5
31/5/2020,Kaduna,258,157,8
31/5/2020,Bauchi,238,220,8
31/5/2020,Rivers,206,59,14
31/5/2020,Gombe,161,122,6
31/5/2020,Sokoto,116,96,14
31/5/2020,Plateau,105,53,2
31/5/2020,Kwara,88,37,1
31/5/2020,Delta,83,17,8
31/5/2020,Zamfara,76,71,5
31/5/2020,Nasarawa,62,18,2
31/5/2020,Yobe,52,24,7
31/5/2020,Akwa Ibom,45,14,2
31/5/2020,Osun,45,35,4
31/5/2020,Ebonyi,40,8,0
31/5/2020,Adamawa,38,20,4
31/5/2020,Imo,36,14,0
31/5/2020,Kebbi,33,29,4
31/5/2020,Niger,32,9,1
31/5/2020,Ondo,25,20,2
31/5/2020,Bayelsa,21,7,1
31/5/2020,Ekiti,20,16,2
31/5/2020,Enugu,18,12,0
31/5/2020,Taraba,18,10,0
31/5/2020,Anambra,11,3,1
31/5/2020,Abia,10,3,0
31/5/2020,Benue,7,1,0
31/5/2020,Kogi,2,0,0
1/6/2020,Lagos,5135,825,55
1/6/2020,Kano,958,240,45
1/6/2020,FCT,674,200,20
1/6/2020,Katsina,371,99,19
1/6/2020,Edo,325,69,13
1/6/2020,Oyo,302,98,7
1/6/2020,Kaduna,288,170,8
1/6/2020,Borno,288,168,26
1/6/2020,Ogun,280,160,9
1/6/2020,Jigawa,270,135,5
1/6/2020,Bauchi,240,221,8
1/6/2020,Rivers,239,68,14
1/6/2020,Gombe,161,122,6
1/6/2020,Sokoto,116,96,14
1/6/2020,Kwara,111,37,1
1/6/2020,Plateau,105,69,2
1/6/2020,Delta,88,17,8
1/6/2020,Nasarawa,80,19,3
1/6/2020,Zamfara,76,71,5
1/6/2020,Yobe,52,24,7
1/6/2020,Akwa Ibom,45,14,2
1/6/2020,Osun,45,35,4
1/6/2020,Adamawa,42,27,4
1/6/2020,Ebonyi,40,8,0
1/6/2020,Imo,39,14,0
1/6/2020,Niger,33,9,1
1/6/2020,Kebbi,33,29,4
1/6/2020,Ondo,28,21,4
1/6/2020,Bayelsa,21,8,2
1/6/2020,Ekiti,20,16,2
1/6/2020,Enugu,18,12,0
1/6/2020,Taraba,18,10,0
1/6/2020,Abia,15,7,0
1/6/2020,Anambra,11,3,1
1/6/2020,Benue,9,1,0
1/6/2020,Kogi,2,0,0
2/6/2020,Lagos,5277,858,67
2/6/2020,Kano,970,286,45
2/6/2020,FCT,687,202,20
2/6/2020,Katsina,371,99,19
2/6/2020,Edo,336,77,14
2/6/2020,Oyo,317,98,7
2/6/2020,Kaduna,297,175,8
2/6/2020,Borno,296,175,26
2/6/2020,Ogun,280,160,9
2/6/2020,Jigawa,274,138,5
2/6/2020,Rivers,248,73,16
2/6/2020,Bauchi,241,222,8
2/6/2020,Gombe,164,122,6
2/6/2020,Sokoto,116,97,14
2/6/2020,Kwara,111,37,1
2/6/2020,Plateau,108,69,2
2/6/2020,Delta,98,23,8
2/6/2020,Nasarawa,80,19,3
2/6/2020,Zamfara,76,71,5
2/6/2020,Yobe,52,24,7
2/6/2020,Osun,46,35,4
2/6/2020,Akwa Ibom,45,14,2
2/6/2020,Adamawa,42,27,4
2/6/2020,Ebonyi,40,8,0
2/6/2020,Imo,39,14,0
2/6/2020,Niger,33,9,1
2/6/2020,Kebbi,33,29,4
2/6/2020,Ondo,28,21,4
2/6/2020,Bayelsa,21,8,2
2/6/2020,Ekiti,20,16,2
2/6/2020,Enugu,18,12,0
2/6/2020,Taraba,18,10,0
2/6/2020,Abia,15,7,0
2/6/2020,Anambra,11,3,1
2/6/2020,Benue,9,1,0
2/6/2020,Kogi,2,0,0
3/6/2020,Lagos,5440,878,67
3/6/2020,Kano,970,318,45
3/6/2020,FCT,763,205,20
3/6/2020,Katsina,371,108,19
3/6/2020,Edo,341,77,14
3/6/2020,Oyo,317,98,7
3/6/2020,Kaduna,297,175,8
3/6/2020,Borno,296,175,26
3/6/2020,Ogun,282,160,9
3/6/2020,Jigawa,274,140,5
3/6/2020,Rivers,269,76,16
3/6/2020,Bauchi,246,222,8
3/6/2020,Gombe,169,124,7
3/6/2020,Sokoto,115,97,14
3/6/2020,Kwara,111,37,1
3/6/2020,Plateau,109,82,2
3/6/2020,Delta,106,27,8
3/6/2020,Nasarawa,88,19,3
3/6/2020,Zamfara,76,71,5
3/6/2020,Ebonyi,63,8,0
3/6/2020,Yobe,52,24,7
3/6/2020,Osun,47,35,4
3/6/2020,Akwa Ibom,45,14,2
3/6/2020,Adamawa,42,27,4
3/6/2020,Niger,41,9,1
3/6/2020,Imo,39,14,0
3/6/2020,Kebbi,33,29,4
3/6/2020,Ondo,33,21,4
3/6/2020,Ekiti,25,18,2
3/6/2020,Enugu,24,12,0
3/6/2020,Bayelsa,21,8,2
3/6/2020,Taraba,18,10,0
3/6/2020,Abia,15,7,0
3/6/2020,Benue,13,1,0
3/6/2020,Anambra,12,3,1
3/6/2020,Kogi,3,0,0
4/6/2020,Lagos,5542,902,67
4/6/2020,Kano,980,359,46
4/6/2020,FCT,792,215,22
4/6/2020,Katsina,385,136,19
4/6/2020,Edo,351,77,14
4/6/2020,Borno,322,185,26
4/6/2020,Kaduna,320,189,9
4/6/2020,Oyo,318,98,7
4/6/2020,Ogun,316,164,9
4/6/2020,Rivers,290,97,17
4/6/2020,Jigawa,274,153,5
4/6/2020,Bauchi,256,222,8
4/6/2020,Gombe,170,127,7
4/6/2020,Kwara,127,45,1
4/6/2020,Delta,116,31,8
4/6/2020,Sokoto,115,97,14
4/6/2020,Plateau,113,82,2
4/6/2020,Nasarawa,90,31,5
4/6/2020,Ebonyi,80,8,0
4/6/2020,Zamfara,76,71,5
4/6/2020,Yobe,52,25,7
4/6/2020,Osun,47,35,4
4/6/2020,Imo,47,19,0
4/6/2020,Akwa Ibom,45,14,2
4/6/2020,Adamawa,42,27,4
4/6/2020,Niger,41,17,1
4/6/2020,Ondo,36,21,4
4/6/2020,Kebbi,33,29,4
4/6/2020,Bayelsa,30,8,3
4/6/2020,Ekiti,25,18,2
4/6/2020,Enugu,24,12,0
4/6/2020,Taraba,18,10,0
4/6/2020,Abia,15,7,0
4/6/2020,Benue,13,1,0
4/6/2020,Anambra,12,3,1
4/6/2020,Kogi,3,0,0
5/6/2020,Lagos,5663,902,67
5/6/2020,Kano,985,382,46
5/6/2020,FCT,862,217,22
5/6/2020,Katsina,385,198,19
5/6/2020,Edo,364,96,19
5/6/2020,Kaduna,335,197,10
5/6/2020,Oyo,334,112,7
5/6/2020,Ogun,329,186,10
5/6/2020,Borno,322,185,26
5/6/2020,Rivers,308,104,18
5/6/2020,Jigawa,282,153,5
5/6/2020,Bauchi,281,222,8
5/6/2020,Gombe,184,127,7
5/6/2020,Kwara,127,45,1
5/6/2020,Delta,116,31,8
5/6/2020,Sokoto,115,97,14
5/6/2020,Plateau,113,84,2
5/6/2020,Nasarawa,90,31,5
5/6/2020,Ebonyi,80,8,0
5/6/2020,Zamfara,76,71,5
5/6/2020,Yobe,52,25,7
5/6/2020,Osun,49,35,4
5/6/2020,Imo,47,19,0
5/6/2020,Akwa Ibom,45,14,2
5/6/2020,Adamawa,42,27,4
5/6/2020,Niger,41,17,1
5/6/2020,Ondo,38,21,6
5/6/2020,Kebbi,33,29,4
5/6/2020,Bayelsa,30,8,3
5/6/2020,Enugu,30,14,0
5/6/2020,Ekiti,25,18,2
5/6/2020,Taraba,18,10,0
5/6/2020,Abia,15,7,0
5/6/2020,Benue,13,1,0
5/6/2020,Anambra,12,3,1
5/6/2020,Kogi,3,0,0
6/6/2020,Lagos,5729,944,67
6/6/2020,Kano,997,415,48
6/6/2020,FCT,912,222,22
6/6/2020,Katsina,387,199,20
6/6/2020,Edo,387,96,19
6/6/2020,Oyo,365,112,7
6/6/2020,Borno,348,188,26
6/6/2020,Kaduna,337,205,10
6/6/2020,Ogun,336,186,12
6/6/2020,Rivers,332,130,19
6/6/2020,Jigawa,290,153,5
6/6/2020,Bauchi,286,224,9
6/6/2020,Gombe,201,127,8
6/6/2020,Delta,148,35,8
6/6/2020,Sokoto,127,101,14
6/6/2020,Kwara,127,45,1
6/6/2020,Plateau,113,84,2
6/6/2020,Nasarawa,104,31,5
6/6/2020,Ebonyi,103,8,0
6/6/2020,Zamfara,76,71,5
6/6/2020,Imo,59,19,0
6/6/2020,Yobe,52,25,7
6/6/2020,Osun,49,37,4
6/6/2020,Akwa Ibom,45,14,2
6/6/2020,Niger,42,17,1
6/6/2020,Adamawa,42,27,4
6/6/2020,Ondo,40,21,6
6/6/2020,Kebbi,35,29,4
6/6/2020,Enugu,30,14,1
6/6/2020,Bayelsa,30,8,3
6/6/2020,Anambra,29,3,1
6/6/2020,Ekiti,25,18,2
6/6/2020,Taraba,18,10,0
6/6/2020,Abia,16,7,0
6/6/2020,Benue,13,1,0
6/6/2020,Kogi,3,0,0
7/6/2020,Lagos,5767,944,67
7/6/2020,Kano,999,450,48
7/6/2020,FCT,952,265,23
7/6/2020,Edo,401,109,24
7/6/2020,Katsina,395,199,20
7/6/2020,Oyo,365,112,7
7/6/2020,Borno,356,188,26
7/6/2020,Ogun,355,186,13
7/6/2020,Kaduna,343,206,10
7/6/2020,Rivers,332,136,21
7/6/2020,Bauchi,291,224,9
7/6/2020,Jigawa,283,153,5
7/6/2020,Gombe,217,135,10
7/6/2020,Delta,148,35,8
7/6/2020,Kwara,135,45,1
7/6/2020,Sokoto,129,101,14
7/6/2020,Plateau,115,84,2
7/6/2020,Nasarawa,112,31,5
7/6/2020,Ebonyi,103,25,0
7/6/2020,Abia,83,7,0
7/6/2020,Zamfara,76,71,5
7/6/2020,Imo,68,19,0
7/6/2020,Yobe,52,25,7
7/6/2020,Osun,49,38,4
7/6/2020,Akwa Ibom,45,14,2
7/6/2020,Niger,44,26,1
7/6/2020,Adamawa,42,27,4
7/6/2020,Ondo,42,21,7
7/6/2020,Kebbi,35,29,4
7/6/2020,Enugu,30,14,1
7/6/2020,Bayelsa,30,8,3
7/6/2020,Anambra,29,3,1
7/6/2020,Ekiti,29,18,2
7/6/2020,Taraba,18,10,0
7/6/2020,Benue,13,1,0
7/6/2020,Kogi,3,0,0
8/6/2020,Lagos,5895,944,72
8/6/2020,Kano,1004,477,49
8/6/2020,FCT,986,270,23
8/6/2020,Edo,429,114,24
8/6/2020,Katsina,397,209,21
8/6/2020,Oyo,387,112,7
8/6/2020,Rivers,364,152,21
8/6/2020,Kaduna,363,210,10
8/6/2020,Ogun,363,186,13
8/6/2020,Borno,356,188,26
8/6/2020,Bauchi,295,224,9
8/6/2020,Jigawa,283,153,5
8/6/2020,Gombe,230,135,10
8/6/2020,Delta,155,35,8
8/6/2020,Kwara,142,45,1
8/6/2020,Sokoto,129,101,14
8/6/2020,Plateau,120,88,2
8/6/2020,Nasarawa,112,31,5
8/6/2020,Ebonyi,103,25,0
8/6/2020,Abia,83,7,0
8/6/2020,Zamfara,76,71,5
8/6/2020,Imo,68,19,0
8/6/2020,Yobe,52,25,7
8/6/2020,Osun,49,39,4
8/6/2020,Akwa Ibom,45,14,2
8/6/2020,Niger,44,26,1
8/6/2020,Adamawa,42,27,4
8/6/2020,Ondo,42,21,7
8/6/2020,Kebbi,35,29,4
8/6/2020,Enugu,30,14,1
8/6/2020,Bayelsa,30,17,3
8/6/2020,Anambra,29,3,1
8/6/2020,Ekiti,29,18,2
8/6/2020,Taraba,18,10,0
8/6/2020,Benue,13,1,0
8/6/2020,Kogi,3,0,0
9/6/2020,Lagos,6065,944,72
9/6/2020,Kano,1020,497,50
9/6/2020,FCT,1012,275,24
9/6/2020,Ogun,471,186,13
9/6/2020,Edo,462,115,25
9/6/2020,Katsina,399,209,21
9/6/2020,Oyo,398,112,7
9/6/2020,Rivers,394,158,21
9/6/2020,Kaduna,369,230,10
9/6/2020,Borno,367,205,26
9/6/2020,Bauchi,364,224,9
9/6/2020,Jigawa,309,156,5
9/6/2020,Gombe,246,135,10
9/6/2020,Delta,175,50,8
9/6/2020,Ebonyi,152,67,0
9/6/2020,Kwara,143,63,1
9/6/2020,Sokoto,129,101,14
9/6/2020,Plateau,128,99,3
9/6/2020,Nasarawa,113,31,5
9/6/2020,Abia,97,7,0
9/6/2020,Imo,83,19,0
9/6/2020,Zamfara,76,71,5
9/6/2020,Yobe,52,25,7
9/6/2020,Osun,50,39,4
9/6/2020,Anambra,46,3,1
9/6/2020,Ondo,46,21,7
9/6/2020,Niger,46,26,1
9/6/2020,Akwa Ibom,45,15,2
9/6/2020,Adamawa,42,34,4
9/6/2020,Kebbi,41,29,4
9/6/2020,Enugu,30,14,1
9/6/2020,Ekiti,30,18,2
9/6/2020,Bayelsa,30,17,3
9/6/2020,Taraba,18,10,0
9/6/2020,Benue,13,1,0
9/6/2020,Kogi,3,0,0
10/6/2020,Lagos,6266,970,81
10/6/2020,FCT,1097,280,25
10/6/2020,Kano,1025,522,50
10/6/2020,Edo,478,117,25
10/6/2020,Ogun,475,214,13
10/6/2020,Rivers,403,179,22
10/6/2020,Katsina,399,209,21
10/6/2020,Oyo,398,112,7
10/6/2020,Kaduna,383,233,10
10/6/2020,Borno,381,205,26
10/6/2020,Bauchi,374,230,10
10/6/2020,Jigawa,309,156,5
10/6/2020,Gombe,246,135,11
10/6/2020,Delta,197,50,11
10/6/2020,Ebonyi,152,70,0
10/6/2020,Kwara,143,70,1
10/6/2020,Plateau,130,99,3
10/6/2020,Sokoto,129,102,14
10/6/2020,Nasarawa,127,31,5
10/6/2020,Abia,97,16,0
10/6/2020,Imo,83,19,0
10/6/2020,Zamfara,76,71,5
10/6/2020,Yobe,52,25,7
10/6/2020,Ondo,50,29,8
10/6/2020,Osun,50,40,4
10/6/2020,Anambra,46,3,1
10/6/2020,Niger,46,26,1
10/6/2020,Akwa Ibom,45,15,2
10/6/2020,Kebbi,43,29,4
10/6/2020,Adamawa,42,34,4
10/6/2020,Enugu,35,14,1
10/6/2020,Bayelsa,32,17,3
10/6/2020,Ekiti,30,18,2
10/6/2020,Taraba,18,10,0
10/6/2020,Benue,13,1,0
10/6/2020,Kogi,3,0,0
11/6/2020,Lagos,6611,997,82
11/6/2020,FCT,1097,280,25
11/6/2020,Kano,1048,556,50
11/6/2020,Ogun,523,214,13
11/6/2020,Edo,490,122,25
11/6/2020,Rivers,454,188,22
11/6/2020,Oyo,434,118,7
11/6/2020,Katsina,411,219,21
11/6/2020,Bauchi,392,230,10
11/6/2020,Kaduna,392,241,10
11/6/2020,Borno,381,205,26
11/6/2020,Jigawa,314,171,5
11/6/2020,Gombe,293,135,12
11/6/2020,Delta,225,63,11
11/6/2020,Ebonyi,152,70,0
11/6/2020,Kwara,143,70,1
11/6/2020,Plateau,130,99,3
11/6/2020,Sokoto,129,103,14
11/6/2020,Nasarawa,128,31,5
11/6/2020,Imo,114,19,1
11/6/2020,Abia,97,16,0
11/6/2020,Zamfara,76,71,5
11/6/2020,Ondo,54,31,9
11/6/2020,Anambra,53,13,1
11/6/2020,Yobe,52,25,7
11/6/2020,Osun,50,40,4
11/6/2020,Kebbi,47,29,5
11/6/2020,Niger,46,26,1
11/6/2020,Akwa Ibom,45,15,2
11/6/2020,Adamawa,42,34,4
11/6/2020,Enugu,35,14,1
11/6/2020,Bayelsa,32,20,3
11/6/2020,Ekiti,30,18,2
11/6/2020,Taraba,18,10,0
11/6/2020,Benue,13,1,0
11/6/2020,Kogi,3,0,0
12/6/2020,Lagos,6840,1137,82
12/6/2020,FCT,1162,316,25
12/6/2020,Kano,1049,577,50
12/6/2020,Ogun,544,214,14
12/6/2020,Edo,518,128,25
12/6/2020,Rivers,482,196,22
12/6/2020,Oyo,469,216,7
12/6/2020,Borno,423,231,26
12/6/2020,Katsina,411,219,22
12/6/2020,Kaduna,402,242,10
12/6/2020,Bauchi,402,230,10
12/6/2020,Gombe,320,135,12
12/6/2020,Jigawa,314,178,5
12/6/2020,Delta,243,63,12
12/6/2020,Ebonyi,152,70,0
12/6/2020,Abia,151,16,0
12/6/2020,Kwara,149,70,1
12/6/2020,Plateau,148,99,3
12/6/2020,Nasarawa,132,64,6
12/6/2020,Sokoto,132,103,14
12/6/2020,Imo,114,19,1
12/6/2020,Zamfara,76,71,5
12/6/2020,Ondo,62,32,9
12/6/2020,Anambra,53,18,9
12/6/2020,Yobe,53,36,7
12/6/2020,Kebbi,50,29,5
12/6/2020,Osun,50,41,4
12/6/2020,Niger,49,28,1
12/6/2020,Akwa Ibom,45,15,2
12/6/2020,Adamawa,42,34,4
12/6/2020,Enugu,39,14,1
12/6/2020,Bayelsa,32,20,3
12/6/2020,Ekiti,30,18,2
12/6/2020,Benue,22,2,0
12/6/2020,Taraba,18,10,0
12/6/2020,Kogi,3,0,0
13/6/2020,Lagos,  7035  ,  1137  ,  82  
13/6/2020,FCT,  1212  ,  360  ,  26  
13/6/2020,Kano,  1091  ,  599  ,  50  
13/6/2020,Ogun,  553  ,  231  ,  14  
13/6/2020,Edo,  544  ,  133  ,  25  
13/6/2020,Oyo,  491  ,  216  ,  7  
13/6/2020,Rivers,  482  ,  208  ,  22  
13/6/2020,Kaduna,  429  ,  249  ,  10  
13/6/2020,Borno,  425  ,  270  ,  29  
13/6/2020,Katsina,  414  ,  219  ,  22  
13/6/2020,Bauchi,  410  ,  244  ,  11  
13/6/2020,Gombe,  337  ,  139  ,  12  
13/6/2020,Jigawa,  317  ,  178  ,  6  
13/6/2020,Delta,  254  ,  63  ,  12  
13/6/2020,Ebonyi,  162,  84  ,  0  
13/6/2020,Abia,  151  ,  18  ,  0  
13/6/2020,Kwara,  150  ,  80  ,  1  
13/6/2020,Plateau,  148  ,  106  ,  3  
13/6/2020,Nasarawa,  141  ,  64  ,  6  
13/6/2020,Imo,  135  ,  20  ,  3  
13/6/2020,Sokoto,  132,  103  ,  14  
13/6/2020,Zamfara,  76  ,  71  ,  5  
13/6/2020,Anambra,  64  ,  18  ,  9  
13/6/2020,Ondo,  63  ,  32  ,  9  
13/6/2020,Yobe,  55  ,  36  ,  7  
13/6/2020,Kebbi,  54  ,  29  ,  5  
13/6/2020,Enugu,  51,  18  ,  1  
13/6/2020,Osun,  50  ,  41  ,  4  
13/6/2020,Niger,  49  ,  28  ,  1  
13/6/2020,Akwa Ibom,  48  ,  18  ,  2  
13/6/2020,Adamawa,  42  ,  34  ,  4  
13/6/2020,Benue,  34  ,  7  ,  0  
13/6/2020,Bayelsa,  32  ,  20  ,  3  
13/6/2020,Ekiti,  30  ,  18  ,  2  
13/6/2020,Taraba,  18  ,  10  ,  0  
13/6/2020,Kogi,  3  ,  0  ,  0  
